년도	제목	장르	가사
2002	I`ll Be There	R&B/Soul	널 보는 순간 내 심장은 멈췄어 아무리 봐도 너는 정말 멋졌어 나 이러다가 사고치고 말겠어 날 쳐다보는 니 눈빛이 어쭈 하지만 이미 나는 짝이 있었어 그애와 깊이 사랑하고 있었어 아무리 봐도 내가 정말 미쳤어 나 자꾸만 너에게 끌려가 I'll be there 너의 그 곁에 I'll be there 그 애 모르게 I'll be there I will be there 너와 함께면 행복한걸 I'll be there 너의 그 곁에 I'll be there 그 애 모르게 I'll be there I will be there 너만 모르면 괜찮은걸 우리의 사랑 이렇게 시작됐어 이제는 쉽게 끝낼 수도 없지 이런 상황을 어떡하면 좋겠어  나 하루하루 불안해서 죽겠어 내 심장뛰는 이 소리를 넌 알까 이 긴장되는 이 마음을 넌알까 하지만 너를 포기할순 없었어 나 자꾸만 너에게 끌려가 I'll be there 너의 그 곁에 I'll be there 그 애 모르게 I'll be there I will be there 너와 함께면 행복한걸 I'll be there 너의 그 곁에 I'll be there 그 애 모르게 I'll be there I will be there 너만 모르면 괜찮은걸 I'll be there I'll be there I'll be there I'll be there I'll be there I'll be there 너와 함께면 행복한걸 I'll be there I'll be there 너의 그 곁에 I'll be there 그 애 모르게 I'll be there I will be there 너와 함께면 행복한걸 I'll be there 너의 그 곁에서 I'll be there 그 애 모르게 I'll be there 너만 모르면 괜찮은걸  I'll be there I will be there I'll be there I will be there I'll be there I will be there 너와함께면 행복한걸
2002	Let Me Be The One	R&B/Soul	어느 날 그대가 내게 다가와 날 살며시 흔들어 놓고 갔어 그 순간부터 난 그대와 OMEGA 영원한 사랑에 꿈을 꾸기 시작했어 IT'S SUCH A SPECIAL DAY 내겐 너무 행복해 널 사랑해도 괜찮니 OH BABY LET ME BE THE ONE 너에 마음에 담긴 LET ME BE THE ONE 사랑을 내게 주오 LET ME BE THE ONE 나에 가슴에 잠길 LET ME BE THE ONE 내 사랑이 되어주오 LET ME BE THE ONE 너에 마음에 담긴 LET ME BE THE ONE 아픔을 내게 주오 LET ME BE THE ONE 나와 행복에 잠길 LET ME BE THE ONE 내 사랑이 되어주오 LET ME BE THE ONE 언젠가 그 누군가 또 멋진 자 내게로 와 아무리 날잡고 흔들어도 걱정마 난 이미 난 I NEVER GONNA CHANGE MY MIND 난 ONLY YOU 반짝인 너의 LOVE it's a just special day 너무나 행복해 날 사랑해도 괜찮니 Oh Baby LET ME BE THE ONE 너에 마음에 담긴 LET ME BE THE ONE 사랑을 내게 주오 LET ME BE THE ONE 나에 가슴에 잠길 LET ME BE THE ONE 내 사랑이 되어주오 LET ME BE THE ONE 너에 마음에 담긴 LET ME BE THE ONE 아픔을 내게 주오 LET ME BE THE ONE 나와 행복에 잠길 LET ME BE THE ONE 내 사랑이 되어주오 LET ME BE THE ONE Wedding bells big hotels sandy shells show and tells dippin in a big yacht To a isle where a couple wanna get hot Feel me out it's above all the fame Not a shove in the rain had enough for the pain Comin up with a gain now it's staight lover's lanesippin champagne yo twist that gettin bubbly hey for the real I am chill like a dead lock As one we can be see In cyclop permanently chivalrously no doubt huh 자꾸만 생각이나 그대만 생각이나 언젠간 그대와 나 영원한 날 OH BABY LET ME BE 너에 마음에 담긴 LET ME BE THE ONE 사랑을 내게 주오 LET ME BE THE ONE 나에 가슴에 잠길 LET ME BE THE ONE 내 사랑이 되어주오 LET ME BE THE ONE 너에 마음에 담긴 LET ME BE THE ONE 아픔을 내게 주오 LET ME BE THE ONE 나와 행복에 잠길 LET ME BE THE ONE 내 사랑이 되어주오 LET ME BE THE ONE LET ME BE THE ONE LET ME BE THE ONE LET ME BE THE ONE LET ME BE THE ONE
2002	On And On	R&B/Soul	따뜻한 니 그 눈빛이 나를 감싸면 너무도 좋아 너의 가슴에 잠들고 싶어 눈이 부신 저 햇살이 우릴 감싸면 너의 어깨에 내 고개를 묻고 꿈을 꾸곤해 나 영원토록 On And On And On 사랑하길 바라고 있지 그 어떤 일이 우릴 갈라놓아도 나 영원토록 너를 너무 널 사랑해 내 마음 속 깊이 너도 그래야돼 날 On And On And On 감사했지 누군가가 소중하다는 걸 힘들었을 때 기댈 수 있는 니가 고마워 행복했지 나만을 보는 너의 눈빛이 나를 원하는 진심이 담긴 너를 느낄 수 있으니 나 영원토록 On And On And On 사랑하길 바라고 있지 그 어떤 일이 우릴 갈라놓아도 나 영원토록 너를 너무 널 사랑해 내 마음 속 깊이 너도 그래야돼 날 On And On And On 바람이 내 이마를 스치듯 되묻지 왜 그리도 너는 그를 사랑하는지 언젠가 너 역시 변할 수 있겠지만 난 괜찮아 내 사랑을 더 믿고 있으니 나 영원토록 On And On And On 사랑하길 바라고 있지 그 어떤 일이 우릴 갈라놓아도 나 영원토록 너를 너무 널 사랑해 내 마음 속 깊이 너도 그래야 돼 날 On And On And On 나 영원토록 On And On And On 사랑하길 바라고 있지 그 어떤 일이 우릴 갈라놓아도
2002	나 변했나봐	R&B/Soul	넌 편한 얼굴로 날 보며 얘기해 너의 웃음이 낯설기 만해 그토록 기다린 니가 왔음에도 무슨 일인지 나도 몰라 왜 내 예상보다 너무 쉽게 니가 빨리 온 걸까 우리 이제 이별해야 하나봐 너를 봐도 느낌 없으니 나 변했나봐 oh baby 며칠 전 나를 외면한 너에 그 눈빛 이제 잊을 수가 없는데 널 만나는 거 별로 무의미 하지만 긴 이별보다 친구처럼 지내자 마음먹어 봤지만 그게 쉽지 않아 넌 조금 늦게 왔어야만 해 내 예상보다 너무 쉽게 니가 빨리 돌아온 거야 너답지 않게 우리 이제 이별해야 하나봐 너를 봐도 느낌 없으니 나 변했나봐 oh baby 며칠 전 나를 외면한 너에 그 눈빛 이제 잊을 수가 없는데 미안해 미안해 & never ever 이해하겠니 내 속 깊은 상처 my love 이젠 나를 버리고 너도 행복하게 지내기를 내게 더 기대지 말고 OH BABY 다신 안볼 듯이 날 버렸잖아 겨우 몇 일 안 돼 또 다시 후회하면서 BABY 내가 떠날게 니가 돌아와 준 데도 내 사랑 계속되진 않아 우리 이제 이별해야 하나봐 너를 봐도 느낌 없으니 나 변했나봐 oh baby 며칠 전 나를 외면한 너에 그 눈빛 이제 잊을 수가 없는데
2002	Every Night Every Day	R&B/Soul	A yo SWI T What up   know what i'm saying  I'm feeling you on ya   tracks the ha yeh Yeh  talking about life and   all that drama surrounding  that right there I'm feeling you  But want you to do something   for me right here  Ah Ah won't you rip for me Ah won't you sing for me  Ah Ah won't you rip for me  Ah won't you sing for me  A SWIT  어제 너의 눈빛을 보며   나 느껴졌어 워우워우   아마도 난 네게 빠져버린   것만 같아 워우워우예예  왜 이렇게도 난 널   좋아하는 지 몰라   흐르는 시간 속에서   한번쯤 스쳐 가는   그런 사랑이 아냐   너와 함께라면  Every night Every day   so in love with you   널 사랑해  Every night Every day   I'll be there for you   언제까지 가끔은 사랑이  힘들다고 느껴질때 워우워우 날 보며 웃어주던  그때를 생각해줘 워우워우예예 왜 이렇게도 난 널  좋아하는 지 몰라  흐르는 시간 속에서  한번쯤 스쳐 가는  그런 사랑이 아냐  너와 함께라면 Every night Every day  so in love with you  널 사랑해 Every night Every day  I'll be there for you  언제까지 나의 눈을 바라봐  그리고 말을 해봐  사랑을 믿어도  후회 없다는 걸 사랑해 진한 너의 향기까지도 Oh Babe 나를 안아 줘 Every night Every day  so in love with you  널 사랑해 Every night Every day  I'll be there for you  언제까지
2002	Wishful Thinking	R&B/Soul	자꾸 생각나 나 눈을 감고 있으면 난 지나쳐간 우리 시간들이 기억나 그림처럼 마지막 네 모습이 baby 내게 다가와 날 찾아와 다시 울리곤 해 craze 시간이 조금 더 가면 괜찮아 질 거라지만 아직까지도 내 곁에 니가 있는 것 같아 이젠 지우려고 해도 이젠 잊으려고 해도 이젠 아무 소용없이 원한대로 이룰 수도 없는 걸 이제와 뒤늦게 널 찾으려고 하기보다 잠시 추억을 붙잡고 but i'm just wishful thinking now 나 괜찮다고 네게 말을 하고 싶지만 그 말조차 서툰 생각일 뿐 너무 허무해 너 이제 와서 내게 바랄 것도 없지만 그저 다가오는 하루하루 속에 행복하기를 바랄게 시간이 조금 더 지나면 널 잊을 수 있을까 널 잊을 수 있을까 지나간 기억 속에 날 지울 수 있을까 이젠 지우려고 해도 이젠 잊으려고 해도 이젠 아무 소용없이 원한대로 이룰 수도 없는 걸 이제와 뒤늦게 널 baby 뒤늦게 널 찾으려고 하기보다 잠시 추억을 붙잡고 but i'm just wishful thinking now 너무 늦었어 내 가슴에 자리잡은 그 자리는 부디 잘 지내기를 내 마음속에 기도해 But that's all right baby someday I'm going get mind 마음 비우지 못했던 나 더 이상 이제는 지우려고 해도 이제는 잊으려고 해도 이젠 아무 소용없이 원한대로 이룰 수도 없는 걸 이제와 뒤늦게 널 baby 뒤늦게 널 찾으려고 하기보다 잠시 추억을 붙잡고 but i'm just wishful thinking now
2002	Funny How Love	R&B/Soul	Funny How Love feel Funny How Love can be Funny How Love feels feels 아무것도 몰랐었죠 며칠 전 당신 생일에 특별한 무언갈 주고만 싶었던 그 맘뿐이죠 뒤늦게 후회하나요 이미 때가 늦은 건가요 미안하다는 말 고통이 밀려와 Don't say good bye no 그냥 이렇게 당신 내 곁에 있어만 준다면 언제 까지나 어디 까지나 당신을 따라요 and you know funny how love can be so wrong so wrong sometime Funny How Love can be can be so right 아무 말도 하지 마요 사랑했다는 그 말에 더욱더 아픈 걸 당신은 아는지 you feel the same 이젠 잊어야 하나요 내겐 너무 힘이 들겠죠 두 눈을 감으면 당신이 있기에 you're here in my heart 그냥 이렇게 당신 내 곁에 있어만 준다면 yeah 언제까지나 어디까지나 당신을 따라요 and you know funny how love can be so wrong so wrong sometime Funny How Love can be can be so right 너와 함께한 모든 시간 이젠 다시 두 번 다시 올 수 없는가 funny how love can be so wrong so wrong sometime Funny How Love can be can be so right funny how love can be so wrong so wrong sometime Funny How Love can be can be so right funny how love feels funny how love can be funny how love feels feels funny how love feels funny how love can be
2002	Go	R&B/Soul	나에 머릿속에 쳐박힌 나를 버리고 나는 다시 거친 들판을 향해 달린 멋진 야생마와 나같이 내가 쓰러지는 그 길이 다시 일어날 곳이 되리 저기 파란하늘에 번진 멋진 태양빛처럼 난 뻗으리 Go this is how we roll Got to take control Let your people know Everybody go This is how we roll Got to take control Let your people know Everybody 기다린 시간 속에 불러온 나의 노래 이젠 날개를 펴고 뒤돌아 봤자 뭘해 한숨 쉬어봤자 뭘해 내 자존심 걸고 Go this is how we roll Got to take control Let your people know Everybody go This is how we roll Got to take control Let your people know Everybody 그런 나길래 여기 황무지 들판에 꽃 피울래 내 부서진 나에 몸 던질래 안 쉴래 날 바라보는 멍한 너 한번 더 놀래 볼래 내 손에 내가 일궈둔 열매 오래 담은 승리를 원해 참 뜻에 내가 거는 기대 누가 뭐라 그래도 난 내 길을 선택 왜그리 몰랐니 이제는 알겠니 흐르는 눈물에 이 기쁨 왜 너는 몰랐니 이제는 알겠니 멈추면 더 아픈 그 눈물속에 니가 남아 Go this is how we roll Got to take control Let your people know Everybody go This is how we roll Got to take control Let your people know Everybody go 나에 머릿 속에 쳐박힌 나를 버리고 나는 다시 거친 들판을 향해 달린 멋진 야생마와 나같이 내가 쓰러지는 그 길이 다시 일어날 곳이 되리 저기 파란하늘에 번진 멋진 태양빛처럼 난 뻗으리
2002	Hotel California (Remake Ver.)	R&B/Soul	On a dark desert highway Cool wind in my hair The warm smell of colitas Rising up through the air Up ahaed in a distance I saw a shimmering light My head grew heavy and my side grew dim I had to stop for the night There she stood in the doorway I heard the mission bell And I was thinking to myself This could be heaven or this could be hell Then she lit up a candle And she showed me the way There were voices down the corridore I thought I heard them say Welcome to the Hotel California Such a lovely place such a lovely face There's plenty of room in the Hotel California Any time of year you can find it here Her mind is tiffany twisted She's got a Mercedes Benz She's got a lotta pretty pretty boys She calls friends How they dance in the courtyard Sweet summer sweat Some dance to remember Some dance to forget So I called up the captain Please bring me my vine He said We haven't had that spirit here since 1969 And still those voices they're calling from far away Wake you up in the middle of the night Just to hear them say Welcome to the Hotel California Such a lovely place such a lovely face They're livin it up at the Hotel California Any time of year you can find it here Mirrors on the ceilling the pink champaign on ice And she said We are all just prisoners here of our own device In the masters chambers they're gahthered for the feast They stab it with their steely knifes but they just can't kill the beast Last thing I remember I was runnin for the door I had to find the passage back to the place I was before Relax said the night man We're all programmed to recieve You can check out everytime you like but you can never leave Welcome to the Hotel California Such a lovely place such a lovely face They're livin it up at the Hotel California Any time of year you can find it here
2002	I`ll Be There	R&B/Soul	널 보는 순간 내 심장은 멈췄어 아무리 봐도 너는 정말 멋졌어 나 이러다가 사고치고 말겠어 날 쳐다보는 니 눈빛이 어쭈 하지만 이미 나는 짝이 있었어 그애와 깊이 사랑하고 있었어 아무리 봐도 내가 정말 미쳤어 나 자꾸만 너에게 끌려가 I'll be there 너의 그 곁에 I'll be there 그 애 모르게 I'll be there I will be there 너와 함께면 행복한걸 I'll be there 너의 그 곁에 I'll be there 그 애 모르게 I'll be there I will be there 너만 모르면 괜찮은걸 우리의 사랑 이렇게 시작됐어 이제는 쉽게 끝낼 수도 없지 이런 상황을 어떡하면 좋겠어  나 하루하루 불안해서 죽겠어 내 심장뛰는 이 소리를 넌 알까 이 긴장되는 이 마음을 넌알까 하지만 너를 포기할순 없었어 나 자꾸만 너에게 끌려가 I'll be there 너의 그 곁에 I'll be there 그 애 모르게 I'll be there I will be there 너와 함께면 행복한걸 I'll be there 너의 그 곁에 I'll be there 그 애 모르게 I'll be there I will be there 너만 모르면 괜찮은걸 I'll be there I'll be there I'll be there I'll be there I'll be there I'll be there 너와 함께면 행복한걸 I'll be there I'll be there 너의 그 곁에 I'll be there 그 애 모르게 I'll be there I will be there 너와 함께면 행복한걸 I'll be there 너의 그 곁에서 I'll be there 그 애 모르게 I'll be there 너만 모르면 괜찮은걸  I'll be there I will be there I'll be there I will be there I'll be there I will be there 너와함께면 행복한걸
2002	Let Me Be The One	R&B/Soul	어느 날 그대가 내게 다가와 날 살며시 흔들어 놓고 갔어 그 순간부터 난 그대와 OMEGA 영원한 사랑에 꿈을 꾸기 시작했어 IT'S SUCH A SPECIAL DAY 내겐 너무 행복해 널 사랑해도 괜찮니 OH BABY LET ME BE THE ONE 너에 마음에 담긴 LET ME BE THE ONE 사랑을 내게 주오 LET ME BE THE ONE 나에 가슴에 잠길 LET ME BE THE ONE 내 사랑이 되어주오 LET ME BE THE ONE 너에 마음에 담긴 LET ME BE THE ONE 아픔을 내게 주오 LET ME BE THE ONE 나와 행복에 잠길 LET ME BE THE ONE 내 사랑이 되어주오 LET ME BE THE ONE 언젠가 그 누군가 또 멋진 자 내게로 와 아무리 날잡고 흔들어도 걱정마 난 이미 난 I NEVER GONNA CHANGE MY MIND 난 ONLY YOU 반짝인 너의 LOVE it's a just special day 너무나 행복해 날 사랑해도 괜찮니 Oh Baby LET ME BE THE ONE 너에 마음에 담긴 LET ME BE THE ONE 사랑을 내게 주오 LET ME BE THE ONE 나에 가슴에 잠길 LET ME BE THE ONE 내 사랑이 되어주오 LET ME BE THE ONE 너에 마음에 담긴 LET ME BE THE ONE 아픔을 내게 주오 LET ME BE THE ONE 나와 행복에 잠길 LET ME BE THE ONE 내 사랑이 되어주오 LET ME BE THE ONE Wedding bells big hotels sandy shells show and tells dippin in a big yacht To a isle where a couple wanna get hot Feel me out it's above all the fame Not a shove in the rain had enough for the pain Comin up with a gain now it's staight lover's lanesippin champagne yo twist that gettin bubbly hey for the real I am chill like a dead lock As one we can be see In cyclop permanently chivalrously no doubt huh 자꾸만 생각이나 그대만 생각이나 언젠간 그대와 나 영원한 날 OH BABY LET ME BE 너에 마음에 담긴 LET ME BE THE ONE 사랑을 내게 주오 LET ME BE THE ONE 나에 가슴에 잠길 LET ME BE THE ONE 내 사랑이 되어주오 LET ME BE THE ONE 너에 마음에 담긴 LET ME BE THE ONE 아픔을 내게 주오 LET ME BE THE ONE 나와 행복에 잠길 LET ME BE THE ONE 내 사랑이 되어주오 LET ME BE THE ONE LET ME BE THE ONE LET ME BE THE ONE LET ME BE THE ONE LET ME BE THE ONE
2002	On And On	R&B/Soul	따뜻한 니 그 눈빛이 나를 감싸면 너무도 좋아 너의 가슴에 잠들고 싶어 눈이 부신 저 햇살이 우릴 감싸면 너의 어깨에 내 고개를 묻고 꿈을 꾸곤해 나 영원토록 On And On And On 사랑하길 바라고 있지 그 어떤 일이 우릴 갈라놓아도 나 영원토록 너를 너무 널 사랑해 내 마음 속 깊이 너도 그래야돼 날 On And On And On 감사했지 누군가가 소중하다는 걸 힘들었을 때 기댈 수 있는 니가 고마워 행복했지 나만을 보는 너의 눈빛이 나를 원하는 진심이 담긴 너를 느낄 수 있으니 나 영원토록 On And On And On 사랑하길 바라고 있지 그 어떤 일이 우릴 갈라놓아도 나 영원토록 너를 너무 널 사랑해 내 마음 속 깊이 너도 그래야돼 날 On And On And On 바람이 내 이마를 스치듯 되묻지 왜 그리도 너는 그를 사랑하는지 언젠가 너 역시 변할 수 있겠지만 난 괜찮아 내 사랑을 더 믿고 있으니 나 영원토록 On And On And On 사랑하길 바라고 있지 그 어떤 일이 우릴 갈라놓아도 나 영원토록 너를 너무 널 사랑해 내 마음 속 깊이 너도 그래야 돼 날 On And On And On 나 영원토록 On And On And On 사랑하길 바라고 있지 그 어떤 일이 우릴 갈라놓아도
2002	나 변했나봐	R&B/Soul	넌 편한 얼굴로 날 보며 얘기해 너의 웃음이 낯설기 만해 그토록 기다린 니가 왔음에도 무슨 일인지 나도 몰라 왜 내 예상보다 너무 쉽게 니가 빨리 온 걸까 우리 이제 이별해야 하나봐 너를 봐도 느낌 없으니 나 변했나봐 oh baby 며칠 전 나를 외면한 너에 그 눈빛 이제 잊을 수가 없는데 널 만나는 거 별로 무의미 하지만 긴 이별보다 친구처럼 지내자 마음먹어 봤지만 그게 쉽지 않아 넌 조금 늦게 왔어야만 해 내 예상보다 너무 쉽게 니가 빨리 돌아온 거야 너답지 않게 우리 이제 이별해야 하나봐 너를 봐도 느낌 없으니 나 변했나봐 oh baby 며칠 전 나를 외면한 너에 그 눈빛 이제 잊을 수가 없는데 미안해 미안해 & never ever 이해하겠니 내 속 깊은 상처 my love 이젠 나를 버리고 너도 행복하게 지내기를 내게 더 기대지 말고 OH BABY 다신 안볼 듯이 날 버렸잖아 겨우 몇 일 안 돼 또 다시 후회하면서 BABY 내가 떠날게 니가 돌아와 준 데도 내 사랑 계속되진 않아 우리 이제 이별해야 하나봐 너를 봐도 느낌 없으니 나 변했나봐 oh baby 며칠 전 나를 외면한 너에 그 눈빛 이제 잊을 수가 없는데
2002	Every Night Every Day	R&B/Soul	A yo SWI T What up   know what i'm saying  I'm feeling you on ya   tracks the ha yeh Yeh  talking about life and   all that drama surrounding  that right there I'm feeling you  But want you to do something   for me right here  Ah Ah won't you rip for me Ah won't you sing for me  Ah Ah won't you rip for me  Ah won't you sing for me  A SWIT  어제 너의 눈빛을 보며   나 느껴졌어 워우워우   아마도 난 네게 빠져버린   것만 같아 워우워우예예  왜 이렇게도 난 널   좋아하는 지 몰라   흐르는 시간 속에서   한번쯤 스쳐 가는   그런 사랑이 아냐   너와 함께라면  Every night Every day   so in love with you   널 사랑해  Every night Every day   I'll be there for you   언제까지 가끔은 사랑이  힘들다고 느껴질때 워우워우 날 보며 웃어주던  그때를 생각해줘 워우워우예예 왜 이렇게도 난 널  좋아하는 지 몰라  흐르는 시간 속에서  한번쯤 스쳐 가는  그런 사랑이 아냐  너와 함께라면 Every night Every day  so in love with you  널 사랑해 Every night Every day  I'll be there for you  언제까지 나의 눈을 바라봐  그리고 말을 해봐  사랑을 믿어도  후회 없다는 걸 사랑해 진한 너의 향기까지도 Oh Babe 나를 안아 줘 Every night Every day  so in love with you  널 사랑해 Every night Every day  I'll be there for you  언제까지
2002	Wishful Thinking	R&B/Soul	자꾸 생각나 나 눈을 감고 있으면 난 지나쳐간 우리 시간들이 기억나 그림처럼 마지막 네 모습이 baby 내게 다가와 날 찾아와 다시 울리곤 해 craze 시간이 조금 더 가면 괜찮아 질 거라지만 아직까지도 내 곁에 니가 있는 것 같아 이젠 지우려고 해도 이젠 잊으려고 해도 이젠 아무 소용없이 원한대로 이룰 수도 없는 걸 이제와 뒤늦게 널 찾으려고 하기보다 잠시 추억을 붙잡고 but i'm just wishful thinking now 나 괜찮다고 네게 말을 하고 싶지만 그 말조차 서툰 생각일 뿐 너무 허무해 너 이제 와서 내게 바랄 것도 없지만 그저 다가오는 하루하루 속에 행복하기를 바랄게 시간이 조금 더 지나면 널 잊을 수 있을까 널 잊을 수 있을까 지나간 기억 속에 날 지울 수 있을까 이젠 지우려고 해도 이젠 잊으려고 해도 이젠 아무 소용없이 원한대로 이룰 수도 없는 걸 이제와 뒤늦게 널 baby 뒤늦게 널 찾으려고 하기보다 잠시 추억을 붙잡고 but i'm just wishful thinking now 너무 늦었어 내 가슴에 자리잡은 그 자리는 부디 잘 지내기를 내 마음속에 기도해 But that's all right baby someday I'm going get mind 마음 비우지 못했던 나 더 이상 이제는 지우려고 해도 이제는 잊으려고 해도 이젠 아무 소용없이 원한대로 이룰 수도 없는 걸 이제와 뒤늦게 널 baby 뒤늦게 널 찾으려고 하기보다 잠시 추억을 붙잡고 but i'm just wishful thinking now
2002	Funny How Love	R&B/Soul	Funny How Love feel Funny How Love can be Funny How Love feels feels 아무것도 몰랐었죠 며칠 전 당신 생일에 특별한 무언갈 주고만 싶었던 그 맘뿐이죠 뒤늦게 후회하나요 이미 때가 늦은 건가요 미안하다는 말 고통이 밀려와 Don't say good bye no 그냥 이렇게 당신 내 곁에 있어만 준다면 언제 까지나 어디 까지나 당신을 따라요 and you know funny how love can be so wrong so wrong sometime Funny How Love can be can be so right 아무 말도 하지 마요 사랑했다는 그 말에 더욱더 아픈 걸 당신은 아는지 you feel the same 이젠 잊어야 하나요 내겐 너무 힘이 들겠죠 두 눈을 감으면 당신이 있기에 you're here in my heart 그냥 이렇게 당신 내 곁에 있어만 준다면 yeah 언제까지나 어디까지나 당신을 따라요 and you know funny how love can be so wrong so wrong sometime Funny How Love can be can be so right 너와 함께한 모든 시간 이젠 다시 두 번 다시 올 수 없는가 funny how love can be so wrong so wrong sometime Funny How Love can be can be so right funny how love can be so wrong so wrong sometime Funny How Love can be can be so right funny how love feels funny how love can be funny how love feels feels funny how love feels funny how love can be
2002	Go	R&B/Soul	나에 머릿속에 쳐박힌 나를 버리고 나는 다시 거친 들판을 향해 달린 멋진 야생마와 나같이 내가 쓰러지는 그 길이 다시 일어날 곳이 되리 저기 파란하늘에 번진 멋진 태양빛처럼 난 뻗으리 Go this is how we roll Got to take control Let your people know Everybody go This is how we roll Got to take control Let your people know Everybody 기다린 시간 속에 불러온 나의 노래 이젠 날개를 펴고 뒤돌아 봤자 뭘해 한숨 쉬어봤자 뭘해 내 자존심 걸고 Go this is how we roll Got to take control Let your people know Everybody go This is how we roll Got to take control Let your people know Everybody 그런 나길래 여기 황무지 들판에 꽃 피울래 내 부서진 나에 몸 던질래 안 쉴래 날 바라보는 멍한 너 한번 더 놀래 볼래 내 손에 내가 일궈둔 열매 오래 담은 승리를 원해 참 뜻에 내가 거는 기대 누가 뭐라 그래도 난 내 길을 선택 왜그리 몰랐니 이제는 알겠니 흐르는 눈물에 이 기쁨 왜 너는 몰랐니 이제는 알겠니 멈추면 더 아픈 그 눈물속에 니가 남아 Go this is how we roll Got to take control Let your people know Everybody go This is how we roll Got to take control Let your people know Everybody go 나에 머릿 속에 쳐박힌 나를 버리고 나는 다시 거친 들판을 향해 달린 멋진 야생마와 나같이 내가 쓰러지는 그 길이 다시 일어날 곳이 되리 저기 파란하늘에 번진 멋진 태양빛처럼 난 뻗으리
2002	Hotel California (Remake Ver.)	R&B/Soul	On a dark desert highway Cool wind in my hair The warm smell of colitas Rising up through the air Up ahaed in a distance I saw a shimmering light My head grew heavy and my side grew dim I had to stop for the night There she stood in the doorway I heard the mission bell And I was thinking to myself This could be heaven or this could be hell Then she lit up a candle And she showed me the way There were voices down the corridore I thought I heard them say Welcome to the Hotel California Such a lovely place such a lovely face There's plenty of room in the Hotel California Any time of year you can find it here Her mind is tiffany twisted She's got a Mercedes Benz She's got a lotta pretty pretty boys She calls friends How they dance in the courtyard Sweet summer sweat Some dance to remember Some dance to forget So I called up the captain Please bring me my vine He said We haven't had that spirit here since 1969 And still those voices they're calling from far away Wake you up in the middle of the night Just to hear them say Welcome to the Hotel California Such a lovely place such a lovely face They're livin it up at the Hotel California Any time of year you can find it here Mirrors on the ceilling the pink champaign on ice And she said We are all just prisoners here of our own device In the masters chambers they're gahthered for the feast They stab it with their steely knifes but they just can't kill the beast Last thing I remember I was runnin for the door I had to find the passage back to the place I was before Relax said the night man We're all programmed to recieve You can check out everytime you like but you can never leave Welcome to the Hotel California Such a lovely place such a lovely face They're livin it up at the Hotel California Any time of year you can find it here
2002	너와 난 하난 거야	R&B/Soul	이젠 울지마 너의 곁엔 내가 있잖아 지난 눈물 닦고 행복 해줘 나만의 사랑 널 지키지 난 너와 같은 숨을 쉬잖아 너와 나란 말은 없는 거야 이젠 함께해 워우 워우워 시작은 다르지만 너와 마지막은 함께야 내가 세상에 태어난 그 날부터 너와 난 하난 거야 그렇게 찾은 거야 내 손을 꼭 놓지마 내게 기대어 줄 너지만 다시 새롭게 시작되는 거야 지금 이 시간 속에 나 함께 있어 더 기쁜 지금 맑은 입술 맞추며 너의 사랑으로 내 가슴에서 고동치곤 해 이젠 믿어 영원 할 수 있는 길이 뭣인지 지쳐 쓰러져도 함께 걷는 길 워우 워우워 시작은 다르지만 너와 마지막은 함께야 내가 세상에 태어난 그 날부터 너와 난 하난 거야 그렇게 찾은 거야 내 손을 꼭 놓지마 내게 기대어 줄 너지만 다시 새롭게 시작되는 거야 지금 이 시간 속에 언제나 그랬듯이 너만을 원해 단지 너를 원해 너의 믿음 속에 나를 가둬줘 어제보단 기쁜 나의 삶에 함께 할 수 있어 내겐 꿈같은 예 BABE 아픔이 밀려와도 슬픔에 젖었어도 기쁨이 찾아와도 하나라는 사실 예 내 숨이 다 해가도 바라보고 싶은 건 네 눈빛 속에 나 워우 워우워 시작은 다르지만 너와 마지막은 함께야 내가 세상에 태어난 그 날부터 너와 난 하난 거야 그렇게 찾은 거야 내 손을 꼭 놓지마 내게 기대어 줄 너지만 다시 새롭게 시작되는 거야 지금 이 시간 속에
2002	Everybody Get Down	R&B/Soul	everybody get down just move your body  get down just everybody get down 내 사랑 안에 남은 상처뿐인걸 네가 뱉은 말 한마디 니가 없는 큰 빈자리 혼자 느낀 사랑만이 아닌 걸 느껴가지 네가 뱉은 말 한마디 니가 없는 큰 빈자리 혼자 느낀 사랑만이 아닌 걸 이젠 널 왜 내게 말을 못해 어렵다니 무엇이 그리 어색하니 아직 모르겠어 왠종일 궁금했던 너의 말이 지금 날 너무 미치게 해 이젠 내게 말해 줘 내 곁을 스쳐지나 갔어도 항상 모른 척 하며 돌린 서툰 만남 이젠 더 기다릴 수 없는걸 제발 네 마음을 더 보여줘 everybody get down just move your body  get down just everybody get down 또 너의 말은 거짓이지 everybody get down just move your body  get down just everybody get down 내 사랑 안에 남은 상처뿐인걸 네가 뱉은 말 한마디 니가 없는 큰 빈자리 혼자 느낀 사랑만이 아닌 걸 이젠 널 한번 더 쉽게 말할 수 있잖니 그런 너 무슨 남자였니 OH YE 그렇게 망설이다  놓칠거니 그것이 너를 우습게 해 내 곁을 스쳐지나 갔어도 항상 모른 척 하며 돌린  서툰 만남 이젠 더 기다릴 수 없는걸 제발 네 마음을 더 보여줘 everybody get down just move your body  get down just everybody get down 또 너의 말은 거짓이지 everybody get down just move your body  get down just everybody get down 내 사랑 안에 남은 상처뿐인걸 아무리 다른 각도에서 다시 보고 다시 생각해도 OH I BE A ALLAYER FO SHO 너무나 사랑해 하지만 미안해 너무나 많은 여잘 사랑하기  때문에 내가 했던 말 한마디에 넘어간 넌 너무 순진해 다음부턴 조심 조심해 나 같은 나난나 나난나 나난나난나난나 나난나 나난나 나난나난나난나 나난나 나난나 나난나난나난나 나난나 나난나 나난나난나난나 내게 했던 말이 의미 없었다니 그저 그게 다니 대체 내게 왜 그러니 가지말아줘 제발 나를 안아 줘 다시 내게 말해 줘 너만을 언제까지 사랑한다고 everybody get down just move your body  get down just everybody get down 또 너의 말은 거짓이지 everybody get down just move your body  get down just everybody get down 내 사랑안에 남은 상처 뿐인걸 네가 뱉은 말 한마디 니가 없는 큰 빈자리 혼자 느낀 사랑만이 아닌 걸 느껴가지 네가 뱉은 말 한마디 니가 없는 큰 빈자리 혼자 느낀 사랑만이 아닌 걸 이젠 널
2002	너와 난 하난 거야	R&B/Soul	이젠 울지마 너의 곁엔 내가 있잖아 지난 눈물 닦고 행복 해줘 나만의 사랑 널 지키지 난 너와 같은 숨을 쉬잖아 너와 나란 말은 없는 거야 이젠 함께해 워우 워우워 시작은 다르지만 너와 마지막은 함께야 내가 세상에 태어난 그 날부터 너와 난 하난 거야 그렇게 찾은 거야 내 손을 꼭 놓지마 내게 기대어 줄 너지만 다시 새롭게 시작되는 거야 지금 이 시간 속에 나 함께 있어 더 기쁜 지금 맑은 입술 맞추며 너의 사랑으로 내 가슴에서 고동치곤 해 이젠 믿어 영원 할 수 있는 길이 뭣인지 지쳐 쓰러져도 함께 걷는 길 워우 워우워 시작은 다르지만 너와 마지막은 함께야 내가 세상에 태어난 그 날부터 너와 난 하난 거야 그렇게 찾은 거야 내 손을 꼭 놓지마 내게 기대어 줄 너지만 다시 새롭게 시작되는 거야 지금 이 시간 속에 언제나 그랬듯이 너만을 원해 단지 너를 원해 너의 믿음 속에 나를 가둬줘 어제보단 기쁜 나의 삶에 함께 할 수 있어 내겐 꿈같은 예 BABE 아픔이 밀려와도 슬픔에 젖었어도 기쁨이 찾아와도 하나라는 사실 예 내 숨이 다 해가도 바라보고 싶은 건 네 눈빛 속에 나 워우 워우워 시작은 다르지만 너와 마지막은 함께야 내가 세상에 태어난 그 날부터 너와 난 하난 거야 그렇게 찾은 거야 내 손을 꼭 놓지마 내게 기대어 줄 너지만 다시 새롭게 시작되는 거야 지금 이 시간 속에
2002	Everybody Get Down	R&B/Soul	everybody get down just move your body  get down just everybody get down 내 사랑 안에 남은 상처뿐인걸 네가 뱉은 말 한마디 니가 없는 큰 빈자리 혼자 느낀 사랑만이 아닌 걸 느껴가지 네가 뱉은 말 한마디 니가 없는 큰 빈자리 혼자 느낀 사랑만이 아닌 걸 이젠 널 왜 내게 말을 못해 어렵다니 무엇이 그리 어색하니 아직 모르겠어 왠종일 궁금했던 너의 말이 지금 날 너무 미치게 해 이젠 내게 말해 줘 내 곁을 스쳐지나 갔어도 항상 모른 척 하며 돌린 서툰 만남 이젠 더 기다릴 수 없는걸 제발 네 마음을 더 보여줘 everybody get down just move your body  get down just everybody get down 또 너의 말은 거짓이지 everybody get down just move your body  get down just everybody get down 내 사랑 안에 남은 상처뿐인걸 네가 뱉은 말 한마디 니가 없는 큰 빈자리 혼자 느낀 사랑만이 아닌 걸 이젠 널 한번 더 쉽게 말할 수 있잖니 그런 너 무슨 남자였니 OH YE 그렇게 망설이다  놓칠거니 그것이 너를 우습게 해 내 곁을 스쳐지나 갔어도 항상 모른 척 하며 돌린  서툰 만남 이젠 더 기다릴 수 없는걸 제발 네 마음을 더 보여줘 everybody get down just move your body  get down just everybody get down 또 너의 말은 거짓이지 everybody get down just move your body  get down just everybody get down 내 사랑 안에 남은 상처뿐인걸 아무리 다른 각도에서 다시 보고 다시 생각해도 OH I BE A ALLAYER FO SHO 너무나 사랑해 하지만 미안해 너무나 많은 여잘 사랑하기  때문에 내가 했던 말 한마디에 넘어간 넌 너무 순진해 다음부턴 조심 조심해 나 같은 나난나 나난나 나난나난나난나 나난나 나난나 나난나난나난나 나난나 나난나 나난나난나난나 나난나 나난나 나난나난나난나 내게 했던 말이 의미 없었다니 그저 그게 다니 대체 내게 왜 그러니 가지말아줘 제발 나를 안아 줘 다시 내게 말해 줘 너만을 언제까지 사랑한다고 everybody get down just move your body  get down just everybody get down 또 너의 말은 거짓이지 everybody get down just move your body  get down just everybody get down 내 사랑안에 남은 상처 뿐인걸 네가 뱉은 말 한마디 니가 없는 큰 빈자리 혼자 느낀 사랑만이 아닌 걸 느껴가지 네가 뱉은 말 한마디 니가 없는 큰 빈자리 혼자 느낀 사랑만이 아닌 걸 이젠 널
2006	남자	R&B/Soul	yeah since 1999 to story yo-  사랑이란 건 언제나 한편으로 기울어  사랑이란 건 언제나 내 편이 아니었어 listen  아니길 나 바랬었다고 아파도 다 참았다고  내가 아닌 사람이 그대 맘을 가진걸  알고도 나 모른척했는데  자꾸 그 사람이 생각난다고   이런 내게만 말 못하고 또 가슴 치나요  그럴 필욘 없죠 그대가 아파하면  내 맘도 더 아플 테니까  못 보낸다고 안 된다고 그댈 막아서도  나 보기싫게 매달려도 모른 척  못본 척 차갑게 가면 되요  그래도 그리움 하나 허락한다면  나는 울어도 너무 아파도 상관없다고  One for the moment that you coming see  and two for the trouble that you back and freed  No mercy mercy mercy mercy?-  내 눈에 고인눈물 외면하고 멀리 떠나 가주길  One for the moment that you coming see  and two for the trouble that you back and freed  No mercy mercy mercy mercy?-  우리가 함께했던 시간 모두 잊었다고 말하길  모두 지웠다고 말하길  내가 그 사람이 되고 싶다고  나의 그대만 가진 채로 살 수만 있다면  나를 다 버려도 아픈 추억에 못 이겨  지우지 못했던 나 돌아서면 되요  못 보낸다고 안 된다고 그댈 막아서도  나보기 싫게 매달려도  모른 척 못본 척 차갑게 가면 되요  그래도 그리움 하나 허락한다면  나는 울어도 너무 아파도 상관없다고  자꾸 그 사람이 빨리 오라고  그대 걸음 서둘러 재촉 하나요? 나 그럴 필욘 없죠 조금만 천천히 가도 돼  흐르는 내 눈물은 찢어지는,  내 가슴은 보이지도 않나봐  그 사람이 너의 눈을 멀어지게 했나봐,  네가 없는 난 이렇게 무너져  못 보낸다고 안 된다고 그댈 막아서도  나보기싫게 매달려도 모른 척 차갑게 가면 되요  아마도 그리움속에 식어가는게  그대를 위한 아니 날 위한 길일테니까  One for the moment that you coming see  and two for the trouble that you back and freed  No mercy mercy mercy mercy?-  툭 툭 툭 털어내고 일어서 돌아서 어서 뛰어가  One for the moment that you coming see  and two for the trouble that you back and freed  No mercy mercy mercy mercy?-  널 향한 내 발걸음 다시  너를 잡을 수 없도록 -
2006	나보다	R&B/Soul	하고 싶은 말 전부 다 해요 미안한 표정만 거둬 가요 마지막엔 그대가 바란 내가 될테니 혹시 비틀 댈 내 걱정탓에 그댈 못 지울 약한 날위해 단 한번 눈물도 내게 보여서는 안되요 내가 싫어가는 거라고 너무싫어 화가 난다고 먼저 돌아서는 그대의 첫 걸음이 더 쉽도록 우리 서로 더 미워해요 잘 안돼도 노력해봐요 다시 사랑할 수 없게 같이 걷던 거기 오지 마요 함께 듣던 노랜 지울께요 오랜 버릇처럼 곁에 있는것 같을까봐 내가 싫어가는 거라고 너무싫어 화가 난다고 먼저 돌아서는 그대의 첫 걸음이 더 쉽도록 우리 서로 더 미워해요 잘 안돼도 노력해봐요 다시 사랑할수 없게 가지말란 그런 못 된 말은 가슴으로만 외칠께요 그 어디에서 만날 누구라도 나보단 나을것 같아서 내가 싫어가는 거라고 그대밖에 모른 나보다 그대에게 줄 수 있는건 이것밖에 없어 자유롭게 살게 해주려 그댈 보내 하루조차 숨도 못 쉬게 할 내 손을 놓으려해 기대 쉴 수 있는 커다란 사람만나 사랑해요 그대를 위한거래 그래야 하는거래 이것밖엔 안되나봐요 이것밖에 못 하나봐요 끝까지 눈물밖에 못 주나봐 고작 그댈 보내는 일 애써 그댈 지우는 일
2006	The Fool	R&B/Soul	wish your my girl do you know so listen 아직 아무도 몰래 어서 빨리 girl 니곁에 이 밤을 놓칠수 없어 용기를 키워 다가갈래 아직 아무도 몰래 girls oh my girl 난곁에 이 맘을 놓칠수 없어 니가 오기만 기다리네 that's right 하루에도 몇번씩 난 변하곤해 내 맘 모두 가진 너로인해 다가올듯 하다가 무관심한 표정 짓고 내 하루를 색칠하는 너 가끔씩은 너때문에 내 심장이 내려 앉지 내게 먼저 미소 짓는 너를 보며 날 아는듯 날 놀리는듯 그렇게 어려워 아직은 먼데 저만치 먼데 가끔씩 날 스쳐지나는 니 마음 그래 난 몰래 그래서 몰래 이 맘을 놓칠수 없어 난 너만을 기다릴래 사랑은 먼데 용기가 먼데 내 뒤에 숨겨둔 가슴만 답답해 하지만 몰래 이렇게 몰래 이 맘을 놓칠수 없어 나를 받아 주길 바래 하루 종일 비가 오는 이런 날은 나 혼자만 외롭기를 바래 이럴때는 생각해 내 맘 처럼 외롭게 널 기다리는 나를 기억해 다시는 무관심을 들켜버릴 날이 와도 너무 놀라 부담 갖지 않길 바래 내 맘 모두 내 사랑 모두 시작은 너니깐 아직은 먼데 저만치 먼데 가끔씩 날 스쳐지나는 니 마음 그래 난 몰래 그래서 몰래 이 맘을 놓칠수 없어 난 너만을 기다릴래 사랑은 먼데 용기가 먼데 내 뒤에 숨겨둔 가슴만 답답해 하지만 몰래 이렇게 몰래 이 맘을 놓칠수 없어 나를 받아 주길 바래 기다릴수 있어 욕심도 널 향한 바램도 섣부른 조급함도 거둬가며 수많은 사람 who 만나본 후 결국엔 니 맘 나를 선택하면되 그래 난 지금까지처럼 나를 되도 너의 작은 가슴만도 나를 안겨 두면되 아직은 먼데 저만치 먼데 가끔씩 날 스쳐지나는 니 마음 그래 난 몰래 그래서 몰래 이 맘을 놓칠수 없어 난 너만을 기다릴래 사랑은 먼데 용기가 먼데 내 뒤에 숨겨둔 가슴만 답답해 하지만 몰래 이렇게 몰래 이 맘을 놓칠수 없어 나를 받아 주길 바래 아직은 먼데 저만치 먼데 가끔씩 날 스쳐지나는 니 마음 그래 난 몰래 그래서 몰래 이 맘을 놓칠수 없어 니가 오기만 기다릴래 사랑은 먼데 용기가 먼데 내 뒤에 숨겨둔 가슴만 답답해 하지만 몰래 이렇게 몰래 이 맘을 놓칠수 없어 니가 오기만 기다릴래
2006	사랑이 다시 온다면	R&B/Soul	난 이렇게 바보라서  이별없인 사랑을 몰라요  또 기어코 울고 나서  그땐 행복했었단걸 깨닫죠  더 우습죠 보낸건 나면서  떠난 그대의 탓만 늘어가요  이런 나보다  분명 그대 마음일텐데  사랑이 다시 온다면  나보다 좋은 사람 만나면  또 다시는 놓지마요 후회로 사는 나처럼  그대만 행복하다면  누구와 웃고 사는 모습을 본다면  이 보다 더 아플지 몰라도 애써 감사 할께요  참 모자란 나를 피해  지혜롭게 잘 달아 났어요  맘 다 바친 그대 사랑  당연한듯 받을줄만 알았죠  두렵죠 그 누가 다시 날  그 만큼 사랑해 줄까요  이런 그 보다 작다면  느낄 수도 없을텐데  사랑이 다시 온다면  나보다 좋은 사람 만나면  또 다시는 놓지마요 후회로 사는 나처럼  그대만 행복하다면   누구와 웃고 사는 모습을 본다면  이 보다 더 아플지 몰라도 애써 감사 할께요  애원하면 날 받아줄 무른 사람인걸 아는데  왜 벌써 늦었단 걸 아는건지  사랑이 다시 온다면 나보다 좋은 사람 만나면  다시는 놓지마요 후회로 사는 나처럼  그대만 행복하다면 누구와 웃고 사는 모습을 본다면  이 보다 더 아플지 몰라도  애써 감사할께요 애써 기뻐할께요 -  -
2006	할수만 있다면	R&B/Soul	사랑이 이젠 변한거라고 기억도 이젠 지워달라고 다시 돌아갈 수 없는 곳에 우린 외로이 서있는데 아무리 너를 불러보아도 이젠 돌이킬수는 없는 거라고 울며 잡아봐도 애원해도 우리 사랑 끝났다고 말하는 너 떠나야 했나요 아주 멀리 떠나야 했나요 너만 항상 바라보던 난 사랑했던 난 그냥 자꾸 눈물만 흐르고있어 너를 보려해도 눈물 가득 내 앞을 막아서 아무것도 정말 그 무엇도 난 보이지가 않는데 난 정말 내가 선물했던 시계 반지보다 더 아까운걸 네게 전부 줘버려서 남은것이 없는 내맘 난 믿기질 않아 이젠 다른 누굴 사랑한다는 것이 지울수없어 사랑했던 너의 작은추억까지 하나도 친구로 남을수도 없다고 그냥 아는 남자도 될 수 없다고 제발 잊으라고 지우라고 우리 사랑 끝났다고 말하는 널 떠나야 했나요 아주 멀리 떠나야 했나요 너만 항상 바라보던 난 사랑했던 난 그냥 자꾸 눈물만 흐르고있어 너를 보려해도 눈물 가득 내앞을 막아서 아무것도 정말 그무엇도 난 보이지가 않는데 난 정말 몇번이나 잊어보려고 다른 사람 만나 다시 행복하게 아무리 애를 써보아도 나 지우려고 해도 선명한 너 정말 잊지 못하는 내가 바보인데 어떻게 넌 아무 말없이 나를 버리고 떠나갔니 영원할꺼라던 우리에게 이별은 없다던 나만 항상 바라보던 넌 사랑했던 넌 다른사람 만나서 웃고 있겠죠 할수만 있다면 다시 너를 가질수 있다면 그 무엇도 내 모든것도 다 버릴수가 있는데 난 정말 영원할 꺼라던 사랑해 여전히 사랑해 이별은 없다던 원하는 만큼 외쳐줄께 바라보던 넌 사랑했던 넌 이건 아니야 난 도저히 믿을수가 없어 할수만 있다면 너를가질수 있다면 그 무엇도 내 모든것도 다 버릴수가 있는데 나 정말 나 버릴수가 없는데 너만을
2006	가지 말라고	R&B/Soul	천번을 말하고?다시또 ?말을 해봐도  이젠 그대 듣지 못할 말  사랑을 지우고 지우고 또 참아내도  다시 다시 또 해야하는 말  약한 너의 모습 그리며 나 생각했는데  널 잃은 나의 아픔에 눈물 흘리는데  제발 가지 말라고 떠나가지 말라고  나같은 남잘 만나서 힘이 들었나봐  정말 사랑했는데 보낼 수 없는데  내 목이 메어와서 나 숨이 막혀서  꺼내지도 못했던 그 말  약한 너의 모습 그리며 나 생각했는데  니가 없인 터질듯한 나의 가슴인데  제발 가지 말라고 떠나 가지말라고  나같은 남잘 만나서 힘이 들었나봐  정말 사랑했는데 보낼 수 없는데  내 목이 메어와서 나 숨이 막혀서  꺼내지도 못했던 그 말  한 번만 더 내게 기회가 오면  다시 하고싶은데 널 사랑한다고  제발 가지말라고 떠나가지 말라고  나같은 남잘 만나서 힘이 들었나봐  정말 사랑했는데 보낼수 없는데  내 목이 메어와서 나 숨이 막혀서  꺼내지도 못했던 그 말  제발 가지 말라고 제발-
2006	Pain	R&B/Soul	돌아설? 끝났어 심장까지 멈췄어  벌레처럼 짓 밟혀도 상관없을 난  숨을 셔 뭐하겠어 지칠뿐인데  빌어먹을 시간만 빨라  Why Why Why  감춰두었던 독한 눈빛  더칠것 없이 내 뱉던  두번 죽인 사랑했던 말  Why do this to me  내 머리는 절대 이해 못해  그냥 사라지면 되잖아  두번 다시 네 눈앞에 나타나지 않도록  가슴까지 얼었어 깊숙히도 시렸어  눈물로도 두드리면 깨질까봐 참겠어  선물처럼 보란 듯 더 아파주겠어  눈물로도 두드리면 깨질까봐 참겠어  선물처럼 보란 듯 더 아파주겠어  그 닳고 흔해빠진 추억도 다 찢은 채  someday 그 언젠가 눈치 채라지  낙서처럼 망쳐버린 지금 내 모습  마지못해 안돼 보인다고 눈물 짖겠지  그 값싼 동정 한푼이면 갚아질까봐    감춰두었던 독한 눈빛 거칠것 없이내 뱉던  두번 죽인 사랑했단 말 Why do this to me  내 머리는 절대 이해 못해  그냥 사라지면 되잖아  두번 다시 네 눈 앞에 나타나지 않도록  가슴까지 얼었어 깊숙히도 시렸어  눈물로도 두드리면 깨질까봐 참겠어  선물처럼 보란 듯 더 아파주겠어  그 닳고 흔해빠진 추억도 다 찢은 채  입술이 갈라져도 심장이 타버려도  내 속에 고여있던 너의 기억  아직 잊혀질리 없고  이러다 말겠지 아프다 말겠지  나 조금만 더 견뎌내면  괜찮아 지겠지 누가 그래  추억이 영원하다 말해  누가 그래 입술 다물라고 그래  다물라고 그래 다물라고 그래  가슴까지 얼었어  깊숙히도 시렸어  눈물로도 두드리면  깨질까봐 참겠어  선물처럼 보란 듯 더 아파주겠어  그 닳고 흔해빠지  추억도 다 찢은 채
2006	Hollyday	R&B/Soul	웃음이 나오죠 그녀 생각에 거리엔 가득한 내맘 있어요 조금은 쑥스럽죠 하지만 괜찮아요 좋은 사람이 생겼으니까 따뜻한 커피를 한잔 마시죠 그리고 또 한번 더 미소짓겠죠 넋 나간 바보같죠 하지만 괜찮아요 그녀 생각에 행복하니까 Your My Everything I Love You 내사랑 그녀에게 감사하죠 정말 행복하죠 사랑해 내맘 받아준 너에게 and you and you 약속해 약속해 변하지 않을께 그 누가 날 stop stop 시켜도 나 변하지 않을께 소중한 너만을 사랑해 사랑해 사랑해 언제나 너와 나 함께 어떤 두려움 그늘에 가려질때 삶이 우릴 유혹하겠지만 사랑의 힘을 나는 믿죠 너에게 약속할께 helping is for you Your My Everything I Love You 내사랑 그녀에게 감사하죠 정말 행복하죠 사랑해 내맘 받아준 너에게 커피향 가득한 아침 햇살속에 달콤했던 Hollyday 미소짓는 두눈을 바라보며 내맘속에 always you your mine 니품에 안겨 눈감는 날까지 영원히 둘이서 언제나 내맘 변하지 않을께 늘 우리사랑 간직해 I promise you Your My Everything My Love My Love I Love You 내사랑 그녀에게 감사하죠 정말 행복하죠 사랑해 내맘 받아준 너에게 Your My Everything I Love You 내사랑 그녀에게 감사하죠 정말 행복하죠 사랑해 내맘 받아준 너에게 Your My Everything
2006	바보	R&B/Soul	보내야만 한다고 영원할 순 없다고 사랑은 언제나 떠나며 날 가르쳐줬어 너를 첨본 순간도 내겐 다가오는 이별의 시간만 같았어 한없이 맴도는 사랑한단 말 차마하지못하고 가슴아래 묻었어 끝나버릴 사랑 다시 한대도 모른척 돌아서며 등돌릴테니 신경쓰지는마 sorry to you 남겨질 상처도 내 탓이니까 cause I love you 사랑도 믿지못하고 추억도 잊지못하고 아픈일만 기억하는 나 힘죽여 울면 되 한동안 울면 되 한숨처럼 답답한 미련처럼 답답한 사랑은 언제나 떠나며 내게만 줬어 너를 첨본 순간도 내겐 익숙해진 혼자만의 사랑같았어 턱없이 모자란 나를 알기에 뛰는 가슴마저도 움켜쥐고 숨겼어 커져버린 사랑 네게 보채도 모른척 돌아서며 토라질테니 신경쓰지는 마 sorry to you 남겨질 상처도 내탓이니까 사랑도 믿지못하고 추억도 잊지못하고 아픈일만 기억하는 나 힘죽여울면 되 네게 기대버릴 내맘 떠나보내도 내 가슴안에서 넌 영원할거야 이젠 바보같은 원한함만 남긴채 신경쓰지는 마 sorry to you 남겨질 상처도 내탓이니까 cause I love you 사랑도 믿지못하고 추억도 잊지못하고 아픈일만 기억하는 나 힘죽여 울면 되 sorry to you 한동안 울면 되 cause I love you sorry to you cause I love you
2006	야후 (夜後)	R&B/Soul	새벽 3시 30분 12월의 어느 추운 겨울밤 난 마지막으로 그녀를 안고 있다 지독했던 사랑의 끝은 알고 있기에 아무 말이 없는 너 숨이 가빠와 점점 내 손이 스칠 때마다 단 꿈을 꾸듯 나 진한 향기 위로 입맞추며 입맞추며 니 손짓하는 익숙한 비밀 이 밤이 마지막인 거라면 시간이 멈추길 눈물처럼 연기처럼 내뱉던 짧은 한숨도 아침이면 깨어날 꿈이라고 먼지처럼 유리처럼 부서진 젖은 눈빛도 내일이면 차가운 남이라고 애써 나를 다 했어 모두 바쳤어 네게 마지막 비를 뿌리 듯 다 채워줄게 날 내게 맡겨왔던 숱한 시간 숱한 시간 그 정들었던 새햐얀 밤들 이 손길 작은 떨림까지도 다 기억해주길 눈물처럼 연기처럼 내뱉던 짧은 한숨도 아침이면 깨어날 꿈이라고 먼지처럼 유리처럼 부서진 젖은 눈빛도 내일이면 차가운 남이라고 두려워 나 겁이 나 벌써 지친 잠을 깨며 혹시 눈을 뜨면 뒷모습만 보낼까봐 다가서고 다가서도 니 맘에 닿지 못하고 추억 하나 얻어간 나였다고 막아서고 애원해도 가는 널 막지 못하고 막지 못하고 땀에 젖은 향기만 가졌다고 다가서고 다가서도 니 맘에 닿지 못하고 추억 하나 얻어간 나였다고 막아서고 애원해도 가는 널 막지 못하고 막지 못하고 땀에 젖은 향기만 가졌다고 다가서고 다가서도 니 맘에 닿지 못하고 추억 하나 얻어간 나였다고 막아서고 애원해도 가는 널 막지 못하고
2006	Timing	R&B/Soul	Yeah oh you look so nice, uh huh,  you're not gonna fail, just try it,  uh huh yeah  You might have no idea  너와 난 둘로 이어져있어 난 알수 있어  that you are the one you could feel deja vu  모든 걸 다 잊구  Can't you be just my boo? Come on  눈빛은 당당해 자신감 가득해  스스로 내 자신에 꽤나 만족하지  여유가 충분해 나를 향한 모든 행동  어쩐지 너란 남자 맘에 들 것 같아~  분명히 나를 갖고 싶은 욕심 있지만  신중히 다시 은근히 재고 있잖아  다가와 내 맘 내 눈 내 귀 모든 걸 바꿔봐  너 어디 나를 열어봐  워어우워어우워어어 하~  괜한 흔한 그저 뻔한 호기심이면  내 사랑 줄 수 없어 no no no no no~  Yeah, honey, do you know you got me all?  Bar에 들어선 널 바라본 순간 느꼈어  we got the same soul  루즈한 mood, 기분에 사로잡혀 뭘  원하는 지도 바라는 지도 몰라 하지만은,  다가와 boy~ 내 어깨에 두 팔을 둘러줘  Because I don't give a thang  where you're from or what you do  반쯤 감긴 눈에 살작 입술을 맞춰줘  let me open my eyes, take me to your paradise  못본척 스치고 안본척 숨기고  난 그저 네 방식을 좀더 지켜 볼게  아닌 척 겉으론 다른 여자 대하면서  내쪽을 살피는 너 이젠 나를 잡아  가끔은 그냥 솔직하게 너를 보여봐  시간은 자꾸 가는데 너무 늦잖아  다가와 내 맘 내 눈 내 귀 모든 걸 바꿔봐  너 어디 나를 열어봐  워어우워어우워어어 하~  괜한 흔한 그저 뻔한 호기심이면  내 사랑 줄 수 없어 no no no no no~  나에게 미소를 줘봐~  너만의 느낌을 줘봐~  찾아줘 지난 시간 내가 원한 걸 안겨줘  참았던 나를 깨워줘  워어우워어우워어어허~  아픈 깊은 버리고픈 기억 줄 거면  너 역시 그만 가줘 no no no~  다가와 내 맘 내 눈 내 귀 모든 걸 바꿔봐  너 어디 나를 열어봐  워어우워어우워어어 하~  괜한 흔한 그저 뻔한 호기심이면  내 사랑 줄 수 없어 no no no no no~  Yeah 내가 고갤 돌린 틈을 타  점점 좁혀지는 사이  이대로 나 터져버릴 것만 같았지  Please make your move, yo boy  나를 뚫어지게 본 네 맘을 다 알고 있어  그대 내게 다가와  이제는 간발의 차이  살짝 풍긴 그대의 향기가 나는 좋아  you're gonna make it slow  나는 알 수 있어  이 밤의 그 끝을 잡아 다가와 줘
2006	세컨드 (Second)	R&B/Soul	Yeah baby,  you just blew out the chance  to get the idea  This is the bomb track,  you know what I'm sayin'  The hottest track..  I can't take another lover  I could not forget you never  이젠 너 아니면 안 되는 날 알잖아    나는 이미 다른 사랑 할 수 없는 걸  내 곁을 떠나지 말아  처음엔 친구였어 풋풋한 동갑내기  좋은 친구였어 넌 차분하고 무뚝뚝했지  그런 네가 마치 하늘의 밝은 태양처럼  웃던 때 주위가 환해 보였네  내 마음 속 그대 자리는 점점 커져   우리는 점점 가까워져  그대의 왼손 네 번째 손가락에서 반짝이던  그 반지도 아무 장애 못돼 우리에겐  첨부터 그녈 알고 시작했지만  시간이 지날수록 네게 집착하는 나  알고 있지만 나 참아 봤지만 yeah  다신 널 보내긴 싫어  온종일 네 전화만 기다리다가  어느새 그녀에게 전활 걸고 있는 난  너의 목소리 듣게 될까 봐 yeah  숨조차 쉴 수가 없어  I can't take another lover  I could not forget you never  이젠 너 아니면 안 되는 날 알잖아    나는 이미 다른 사랑 할 수 없는 걸  내 곁을 떠나지 말아  혹시 나 그녀 얘길 니가 할까 봐  전보다 너뿐이란 말을 자주 하는 나  이렇게라도 어떻게라도 yeah  네 사랑 지키고 싶어  I can't take another lover  I could not forget you never  이젠 너 아니면 안 되는 날 알잖아    나는 이미 다른 사랑 할 수 없는 걸  내 곁을 떠나지 말아  yo- 세상 모든 사람 날 욕해도  세상의 모든 걸 다 잃는대도  그래도 I will be okay  내 가슴에 깊게 패인 너 없이는 난 insane    오직 네 존재만이 이젠 내가 살아가는 이유  내가 부족해도 내 곁에만 있어 그대  날 떠나지 말아줘  나의 몸과 맘 깊숙이 널 원해  Please don't you make me cry,  I need you here by myside  나는 할 수 없단 말야   너를 줄 수 없단 말야  더는 네가 없인 살 수 없는 나잖아    이런 나를 욕한대도 할 수 없는 걸  다신 날 혼자 두진 마  I can't take another lover  I could not forget you never  이젠 너 아니면 안 되는 날 알잖아    나는 이미 다른 사랑 할 수 없는 걸  내 곁을 떠나지 말아  I can't take another lover -
2006	다가와서	R&B/Soul	네가 더 미워 널 가져갔던 그녀보다 더  그래서 싫어 날 파고드는 네 눈빛  네가 더 미워 더 잔인해진 추억보다 더  그래서 싫어 날 가졌었던 네 가슴    애써 조각 냈던 시간이   던져 버린 기억이   버릇처럼 조금씩 날 조여와  다가와서 나를 깨우고 다가와서 나를 울리고  다가와서 나를 죽이고 돌아선 너  고작 그것밖에 안 되는 너란 남자 하나 때문에  오늘도 미쳐간 내가 더 미워  내가 더 미워 날 버려둔 건 너일 뿐인데  그래서 싫어 다 용서했던 내 마음  내가 더 미워  날 때리는 건 추억들인데 그래서 싫어   또 주워 담는 내 두 손  이미 찢어질 대로 찢긴 내 맘의 상철 부여잡고  짓밟힐 대로 짓밟힌 자존심 모두 잊고  이렇게 괴로워도 매일 밤 울어대도  굳이 너를 갈원하는 내가 미워  널 미워할 수 없는지  지워낼 수 없는지  아직도 넌 내 안에 사는 건지  다가와서 나를 깨우고 다가와서 나를 울리고  다가와서 나를 죽이고 돌아선 너  고작 그것밖에 안 되는 너란 남자 하나 때문에  오늘도 미쳐간 내가 더 미워  사랑 주기만 했던 나 사랑 받지도 못한 나  널 미워하는 것도 못한 채  혹시 너를 모두 잊어 낼 만큼  네가 미워질까 오늘도 술 취해 나를 탓해봐  널 너무나도 사랑하니까 너무나도 미워하니까  난 이렇게도 바보같이 울고 있는걸  네게 받은 상처마저도 우리 좋았던 기억들로  지우고 감추는 내가 더 미워  You can say I’m crazy  You can call me whatever you like  But there’s only one thing you cannot judge  It’s my love for you -
2006	Far Away (Feat. MC 몽)	R&B/Soul	So many times I tried to let you go  어차피 너와 나 이뤄질 사랑이 아닌 걸  I know that you went far away  미안해 하지마 나 역시 널 잊어버릴 테니  I’m gonna so rude to you  아마 내가 할 말 들으면은 사라질 네 smile  보기 두려워 주저 하는 날 보기 좋게 품에 넌 안아  Sorry I’m sayin’ goodbye  그대 어깰 적시고 만  내 눈물의 의미, 슬픈 눈빛, 모두 이해한단  그런 너를 떠나려 하네  그런 너를 잊으려 하네  우릴 괴롭히던 주위 시선에  끝내 난 무너지고 말았네  서로의 사랑으론 지켜내지 못할 인연임에  나약한 날 탓해, 나를 원망해,  ‘cause it’s for you babe  그래 믿구서 나를 욕해  어차피 너와 나 힘든 건 똑같애  우린 같이 아픈데 근데 마음이 아픈데  마음이 아픈데 마음이 아퍼  네 눈이 너무 슬퍼서 가슴이 찢어져  내 마음이 아퍼 널 찾을 수 없으니까  그런 내 마음이 아퍼 널 불러봐 수백 번  아픈 상처에 쓰디 쓴 술잔을 퍼붓네  내 터질듯한 아픔은 멍 든 가슴을 위로 못해  내 사랑이 아직 널 불러도 대답하지는 마  더 약해질 나라는 걸 알아  미칠 듯 가슴 아파도 다 견딜 수 있게  날 떠나가줘 날 잊고 살아줘  그대 없인 하루도 나는 살아갈 의미가 없어  그럼에도 오늘도 나는 살아가야만 하고 있어  너의 미소 너의 몸짓  너의 향기 너는 내게 너무  소중해 나는 너를 사랑해  그대 없인 하루도 나는 살아갈 의미가 없어  그럼에도 오늘도 나는 살아가야만 하고 있어  네가 사는 이유 내 삶의 크레이지 너you  네가 사는 이유 I’ll live and die for you  yo- 그대 없이 하루도 나는 살아갈 의미가 없어  그럼에도 오늘도 나는 살아가야 하고 있어  아침 햇살에 눈을 떠 어디엘 가건 무엇을 하건  나는 마치 영혼이 없는 인형인 듯이  영원히 이러겠지   평생 가슴에 품고 있겠어   You were meant for me,   I was meant for you  함께 있진 못해도 I’m gonna miss you    So many times I tried to let you go  어차피 너와 나 이뤄질 사랑이 아닌 걸  I know that you went far away  미안해 하지마 나 역시 널 다 잊어버릴 테니까  내 사랑이 아직 널 불러도 대답하지는 마  더 약해질 나라는 걸 알아  미칠 듯 가슴 아파도 다 견딜 수 있게  날 떠나가줘 날 잊고 살아줘
2006	끈	R&B/Soul	난 울었어 너란 그끈을 놓을수없어  쉽게 보내면 다신 오지않을 너니까  난 알았어 꼭 끊어지고 말 인연인걸  나의 사랑이 많이 무거웠던 너니까  오래전에 니맘은 이미 나를 지웠다는걸 알아  너만 바라본 내맘은 need you  show tell my prey   모두 가져가 니가 내게 남긴 고통까지 모두다  이 끈을 놓지말아줘  show tell my prey  마지막까지  잔인했던 너의 눈빛이 날 힘들게해   it should be you  you feel my pain 너를 묶어두고만 싶어  아픈 내 두팔에 너를가둬  그럼넌 숨쉬기조차 힘들겠지  하지만 그끈을 놓지않겠어  난 싫었어 널 떠나보낼 용기가 없어  눈을 피하고 니입술을 막아버렸어  오래전에 니맘은 이미 나를 지웠다는걸 알아  너만 바라본 내맘은 need you  show tell my prey  모두 가져가 니가 내게 남긴 고통까지 모두다  이 끈을 놓지말아줘  show tell my prey  마지막까지  잔인했던 너의 눈빛이 날 힘들게해   it should be you  you feel my pain 어떻게 살아가 너의 모습이 전부인데  beacuse of you  내 사랑도 끝난거야  난 그저 너와 나 함께한 이 세상끝에  두손을 묶은채 영원히  하나이길 바랬을뿐인데  언제부터였을까 차가워져버린 눈빛과  외로워 눈물로 지샌 밤  show tell my prey 모두가져가  니가내게남긴 고통까지 모두다  이끈을 놓지 말아줘  show tell my prey  마지막까지 잔인했던 너의 눈빛이  날 힘들게해   it should be you  you feel my pain
2006	Every Body (Feat. Big Tone)	R&B/Soul	Open your mind 제발 머뭇대지마  Oh everybody 더 즐길 수도 있잖아  Come on babe 여기 내 옆으로 와  I wanna dance now 모든 걸 내게 맡겨봐  Oh 무대에 올라 춤을 추고 싶어졌어  내 인생의 클라이맥스 in this lime set  지금 이 순간이야 무대 막이 올려지자  룰루리 라라 나는야 Big star  음악이 즐거워요 DJ don't stop  모두들 나를 보며 feelin' so fine  Yeah 그 느낌을 유지해  Hey 소심하긴 너무 가여워  왜 또 다른 사람 눈칠 보니  또 뭐가 그리 복잡한 건데  그냥 내게 깊이 빠져들어  더 솔직하게 너를 움직여  네 맘 가는 대로 신나게 놀아봐  난 알고 있어 행복은 말야  바로 이 순간에 가져야 해  널 느껴봐 니 맘이 시키는 대로  널 보여줘 봐 이젠 날 움직여봐  달빛에 별빛에 물들도록  지금 이 순간을 영원토록 기억하게  Open your mind 제발 머뭇대지마  Oh everybody 더 즐길 수도 있잖아  Come on babe 여기 내 옆으로 와  I wanna dance now 모든 걸 내게 맡겨봐  all right, it feels all right  Let loose and move to the rhythm  all right, it feels all right  Just flow don't stop the feeling  all right, it feels all right  Don't lose it feel the music  Get down we're gonna keep  네가 원하는 대로  모든 일들이 굴러가길 바란데도  인생은 The black cat Nero 처럼  이랬다 저랬다 바껴 계속  네 맘은 힘에 겨워 흔들  그런 네 하루의 끝은 비틀비틀  하지만 다시 용길 내  생각을 바꾸고 까르뻬디에  Hey 네 표정은 너무 따분해  네 맘 속에 내가 조명은 켜 줄게  반짝거리는 가슴을 안고  달콤한 미소를 내게 줄래  날 느껴봐 네 맘이 시키는 대로  날 보여줘 봐 이젠 날 움직여봐  달빛에 별빛에 물들도록  지금 이 순간을 영원토록 기억하게  Open your mind 제발 머뭇대지마  Oh everybody 더 즐길 수도 있잖아  Come on babe 여기 내 옆으로 와  I wanna dance now 모든 걸 내게 맡겨봐  Open your mind 제발 머뭇대지마  Oh everybody 더 즐길 수도 있잖아  Come on babe 여기 내 옆으로 와  I wanna dance now 모든 걸 내게 맡겨봐  all right, it feels all right  all right, it's fly the night  all right, it feels all right  all right, it's fly the night
2006	잊어가잖아	R&B/Soul	잊어가나봐 널 조금씩   모든 이별이 다 그런것 처럼   혼자뿐일 내 모습에 견딜수 없이   아팠던 날들이 어제인것 같은데   니가 없는 긴 휴일에도 혼자   티비를 보며   가끔은 생각 없이 웃기도 하고   곁에 너 없이 눈을 뜨는 아침도   이젠 익숙해진 나인걸   널 사랑했던 시간만큼   흘린 눈물이 이제야 다   마른것 같아   oh you never no   나를 떠난 너의 사랑을   용서할 수 있어   너를 잊은것같아   너 없이도 웃을수 있었던 어제도   나 없이도 살아갈 수 있는 오늘도   그 예전엔 난 상상조차   할 수 없었던   모습들이란 것도 알지만   변해가나봐 내 사랑도   모든 사랑이 다 그런것 처럼   오랜시간을 지녀온 낡은 지갑을   갑자기 잃은듯 이젠 허전할뿐야   난 이제서야 나 친구들과   술에 취한 밤에도   너 아닌 얘기들로 웃기도 하고   가끔 너 아닌 누군가를 만나도   더는 어색하지 않아   널 사랑했던 시간만큼   흘린 눈물이 이제야 다   마른것같아   oh you never no   나를 떠난 너의 사랑을   용서할 수 있어   너를 잊은것 같아   내 맘안에 아직 남겨진   수많은 니 모든 흔적을   이제서야 조금씩 나 지울수 있어   혹시라도 내곁에 너 돌아올까봐   내 모든걸 다 그대로 남겨둔   나였는데   아직도 모퉁이를 돌아서면   그곳에 니가   환하게 웃으며 날 기다리고   있을거란   씁쓸하기 바빠 넌 없잖아   다시봐도   이제 그런 허튼기대 더 이상   하지 않을테야  널 사랑했던 시간만큼  흘린 눈물이  이제야 다 마른것 같아  oh you never no  나를 떠난 너의 사랑을  용서할 수 있어  너를 잊은것같아  널 사랑했던 나
2006	오늘은 그대와 하늘 위로 (Feat. Bobby Kim)	R&B/Soul	오늘은 그대와 하늘위로  날아 올라 가 보고싶어  저기 저 별들을 딸 수 있게  힘껏 나를 밀어줘  Like a swing 손을 뻗어 더 높이 높이  Like a swing 발을 굴러 더 높이 높이  여전히 내 뒤에서  말없이 서 있겠죠  또 다시 난 모른척  돌아가야 하나요  그토록 그대가 원한다면  남자답게 용기를 내요  이 순간을 꿈꿔온  내가 이젠 눈을 뜰수있게  오늘은 그대와 하늘위로  날아 올라 가 보고싶어  저기 저 별들을 딸 수 있게  힘껏 나를 밀어줘  Like a swing 손을 뻗어 더 높이 높이  Like a swing 발을 굴러 더 높이 높이  그대와 함께 라면   난 두렵지 않아요  하지만 날 위해서   서두르진 말아요  밀고 또 당기고  두 사람이 앞뒤로  흔들어야 사랑은 꼭  꼭대기를 향하더라고  어느 누가 봐주고 넘어가기보다  서로의 맘속까지 알아야지  시계추와 같이 둘이 같이 그네를 타 해가뜰때까지  오늘은 그대와 하늘위로  날아 올라 가 보고싶어  저기 저 별들을 딸 수 있게  힘껏 나를 밀어줘    오늘은 그대와 하늘위로  날아 올라 가 보고싶어   저기 저 별들을 딸 수 있게  힘껏 나를 밀어줘  오늘은 그대와 하늘위로  날아 올라 가 보고싶어  저기 저 별들을 딸 수 있게  힘껏 나를 밀어줘  Like a swing 손을 뻗어 더 높이 높이  Like a swing 발을 굴러 더 높이 높이
2006	넌 누굴 사랑하니?	R&B/Soul	I guess it's time to let you go  But before I do, I just want you to know  everything you needed was right here I can't face the world, you gotta know  I can't even live a day, I'm all alone  I give you all my heart, all my soul 잊고 싶은 건 마지막 모습뿐  그 밖엔 하나 없는데 나를 위한 거니? 원한 건 너인데   어떻게 나를 두고 떠날 수 있니? 한동안 너무 많이 힘들겠지  지우려 한적 없기에 너없이  난 숨조차 쉴 수 없어 눈물 뿐야  돌아와 내곁으로 no~ baby no~ 사랑이 나를 떠나도 내가 사랑을 놓지 못하지 baby tell me why you leave me all alone 나에게는 이별은 없었던거야 하룻밤의 꿈처럼 나를 위한 이별은 없어 내 곁에 있어줘 I never though you'd play with my heart  and break it, break it... I never thought you would leave me this way 잊혀지는 건 시간에 기대어  기억을 지워가는 것 ooh~ 멀리있어도 나 혼자 있어도  그리워 눈물로 이 밤을 지새도 oh~ 언제나 둘이라 생각했어  떠오는 너의 얼굴에 나를 묻고  또 한번 나에게 되묻곤 하지  넌 누굴 사랑하냐고 no~ 사랑이 나를 떠나도 내가 사랑을 놓지 못하지 baby tell me why you leave me all alone 나에게는 이별은 없었던거야 하룻밤의 꿈처럼 나를 위한 이별은 없어 내 곁에 있어줘  너의 곁에  나 아닌 다른 누구도  안돼 허락하지 않아 내가 아니면  원하고 또 원한 건 너 하나뿐 돌아와줘 no~ 사랑이 나를 떠나도  내가 사랑을 놓지 못하지  never, never let you go  나에게는 이별은 없었던 거야  하룻밤의 꿈처럼 나를 위한  이별은 없어 내 곁에 있어  사랑이 나를 떠나도  내가 사랑을 놓지 못하지  나에게는 이별은 없었던거야 하룻밤의 꿈처럼 나를 위한 이별은 없어 내 곁에 있어줘
2006	1.2.3.4	R&B/Soul	one two three four everything  너의 거짓말 이젠 다 알아  모르는 척 너를 사랑한 척  속여왔을 뿐이야  하루 하루 커져가는  너의 거짓 그런 얘기  I say one two three four  don't look back  다 모두 돌려줄거야  유행같은거겠지  너의 수많은 그 여자들  그저 싫증이 나  버려지는 장난감처럼  one thing i know  사랑한 적 없어 한 번도  all night all day  익숙해진 너의 변명들 뿐이야  친구야 내가 진실로  전에 경고했지  그 사람 조심하라고  여자 여럿 울렸댔지  양다린 기본이었고  하지만 사랑에 빠진 넌  이미 암것도 안들린 귀머거리  그이의 밀고 당긴  테크닉은 화려했어  너의 맘은 사로잡혀  정녕 불타려 했어  but you know he's don't girl  돌아보지마  one two three four  keep on movin'  one two three four  everything  너의 잔인한 거짓 눈물도  이젠 알아 나를 속이진 마  더 이상은 아니야  하루 하루 커져가는  너의 거짓 뻔한 얘기  I say one two three four  don't look back  미련도 없을테니까  기억조차 없겠지  너의 순진한 그 여자들  모두 영원할 것처럼  속여왔던 나처럼  one thing i know  더 이상은 내가 힘들어  all night all day  상처뿐인거야 이제는 싫어  소리없는 눈물 흐르는 이유는  다신 그런 사랑  하지 않을 테니까  땀에 흠뻑 젖는 악몽을 꾼거야  이 시간이 지나면  잊혀지길 바랄께    one thing i know  사랑한 적 없어 한 번도  all night all day  익숙해진 너의 변명들 뿐이야
2006	혼잣말	R&B/Soul	매일 또 그대곁엔 그녀가 항상 있죠  이 밤 난 그댈위해 못 전할 편질써요  모르겠죠  그댈 돌고 도는 내 눈빛을 끝내 알수없죠  말 못하고 그저 바라보는 내 맘 왜 몰라요 왜  내 입술 그녀처럼 입맞춰줘요  정말 그녈 꼭 원하나요  친구지만 난 미운 그녈 어떻게 할까요 난~ 매일 그녀에게 난 그대의 얘길 듣죠  웃고 다 참아내는 내 맘이 이젠 싫죠  빛나겠죠 그녈 바라보는 그 눈빛은  정말 화가나죠 그눈속에 나는 없는거죠  왜 그녀 뿐이죠 왜  머릴 그녀처럼 좀 바꿀까요  그녀처럼 옷 입을까요  이런 내맘 참 우습지만 그대를 원해요 난~ 날 봐요  이렇게 난 또 아픈걸요  친구지만 난 미운그녀  이런 내맘 참 나쁜거죠 그녀가 미워요 난~ 매일 난 혼잣말에 지치다 잠이 들죠
2006	네가 오는 날	R&B/Soul	I pray for you everyday and night  you're the one who gives me pleasure in my life  and without you boy, everything is incomplete 널 미워할 수 없는 날 알아  가끔은 너에게 괜한 투정도 해보지만  바라만 봐도 그저 좋은데 yeah~ 잠시 너를 볼수 없지만 기다릴 수 있어  그동안 나도 준비할게  너의 웃음에 내가 행복하니까 oh~ 부끄럽지 않아 내가 더 사랑함이  그런 자존심 허락할 수 없어 oh no~ 네 곁에 있을 때 난  살아 있음을 느끼는 걸 oh~ 네 앞에 서면 작아지는 나를 보곤 해  그럼 어때 난 너를 닮고 싶으니까  작은 몸짓까지 그대로 사랑하기에  너의 웃음이 되고 싶은 나인데 할수 있을 거야  더 오래 사랑하고 더 나중까지  내가 지켜줄게 oh no~ 넌 내게 처음이자 마지막인 내 사랑인 걸 oh~ 네 앞에 서면 작아지는 나를 보곤 해  그럼 어때 난 너를 닮고 싶으니까  작은 몸짓까지 그대로 사랑하기에  너의 웃음이 되고 싶은 나인데 네가 없는 그 동안 너의  소중함을 더 느껴 난 너 없이 살 수 없을 것 같아  네가 오늘 날  바보같이 내가 울어도 놀라지 마  아무 일 없을 테니까  그저 네 생각뿐 나보다 네 걱정만 했던  나의 기도를 들어줘서 고마워 Let's make it last till the day we die  please treat me good and be nice
2006	Watch Out	R&B/Soul	  내가 지금부터 하는 말 너 너 잘 들어     왜냠 유난히 soft 내게도 잘하고 이상했어  평소와 달리 친절한 태도   부담스러울 정도로 좋았던 매너     내 마음 속의 널 지워   넌 없어 모두 다 잊어버렸어  더 이상 이런 식으론 안돼   멋대로 그리 살면 안되지  You know 너와 나   도저히 말이 안 통해   습관은 고칠 수가 없나 봐  내 앞에선 항상 네가 어른인척   하지만 널 보면 어린애같아   착각은 너의 자유지만  don't touch me   넌 내 스타일이 아니야 떠나 줘  나 몰래 누굴 만났었는지   네 볼에 하얀 펄이 가득해  I know  얼마나 네가 끌리는 줄 알지만   여자가 너의 놀이감이니  Yeah, miryo miryo miryo miryo,   listen to my word    내가 지금까지 모를 줄 알았던 거였니     너만 바라보던 가련한 여자는 이젠 없지   평소와 달리 친절한 태도   부담스러울 정도로 좋았던 매너      이젠 달라지겠어   너란 남자는 내겐 필요없어  갑자기 울려대는 전화기   내 친구 널 봤다고 말했지 Yeah,  다른 여자와 또 어딜가려 했을까  당연히 내 전화도 안받지  역겨워 니 모든게 지겨워  남자의 사랑 모두 잊을래  바람 핀다면 차라리 들키지 말지   어떻게 보란 듯이 다니니  내 앞에선 항상 네가 어른인척   하지만 널 보면 어린애같아   착각은 너의 자유지만  don't touch me 넌 내 스타일이 아니야 떠나 줘     Watch out brtter watch out   너 나를 쉽게 보진 마     Watch out brtter watch out   용서란 건 없어    네 모습 한번만 들여다 보라지   매일 여자를 끼고서 사는 메트로 판타지   사람을 사랑하는 방법을 모르고   오로지 매일밤 유회로   모두 판단해 버리고   네 영혼 한 번 더 들여다 보라지   계속 진실을 외면해 썩어 문드러 있겠지   차갑게 식어져 버린 영혼을   이젠 바꿔 볼 차례라네   you gotta keep it real, man  내 앞에선 항상 네가 어른인척   하지만 널 보면 어린애 같아   쇼걸만 원하는 넌 liar  남잔 다 그런 걸까 정말     다신 날 찾진 말아줘 떠나줘   멋대로 네 사랑 찾아 둥지 터   난 네가 필요 없어all right   don't touch me 넌 내 스타일이 아니야  
2006	묻지 못한 이야기	R&B/Soul	keep it real lets get it right You know that 잊을게 마지막안부 인사말까지도 아무 의미없잖아 참을게 턱까지 고인 말들 이제와 미안한 널 만들뿐일테니 익숙한 향기도 남은 담배연기마저 이젠 흩어져 가버려 남은건 아무것도 없어 준비한 말조차 없었던 초라한 나밖에 have you ever loved someone like She's the one You're only one 그래도 내겐 너뿐이었어 떠나가줘 조금 더 빠른 걸음으로 그대 멀리 가버려줘 날 위해서 그대로 날 떠나줘 멈칫하는 그 순간까지도 미련한 내 미련이 날 자꾸 떠밀테니까 Yo 너와 함께한만큼 깊이남은 나의 추억 가슴에서 모두 꺼내 지워버려 지울게 단 한번 너 취한 밤의 사랑해 날 울렸던 그 말도 해볼게 너보다 좋은사람 만나란 흔한 너의 마지막 부탁도 삼키고 삼켜낸 묻고 싶던 많은 말들 차마 들을 수 없어서 꺼내지도 못했던 말들 이제와 아무런 소용도 없단걸 알기에 have you ever loved someone like She's the one You're only one 그래도 내겐 너뿐이었어 떠나가줘 조금 더 조금 더 빠른 걸음으로 그래 멀리 가버려줘 날위해서 그대로 날 떠나줘 멈칫하는 그 순간까지도 미련한 내 미련이 날 자꾸 떠밀테니까 정말로 날 사랑하긴 했었던 거냐고 그대 다그치고 원망하고 싶었지만 이미 너의 눈빛에 그 모든 대답이 있기에 말하고 있기에 난 oh You're only one 떠나가줘 조금 더 조금 더 빠른 걸음으로 You better you step away from me 그대로 날 떠나줘 멈칫하는 그 순간까지도 미련한 내 미련이 날 자꾸 떠밀테니까 사람들틈에 섞여 그댈 잊으려했던 날들 아픔을 감추려고 무리하게 웃었던 나를 하지만 더 이상 예전의 날 기대는 마 I'm not like I used to be so don't look back your way
2006	이제야 비로소 사랑을 말할 수 있다	R&B/Soul	파란 하늘 가득히 노을이 붉게 물들어 가듯 너와 나는 그렇게 같은 빛으로 점점 스며들고 있었지 상처를 준 건 나였어 누구도 아닌 괜히 내가 혼자 나를 힘들게 만든거야 그리고 못되게 굴던 날 넌 아닌척 하지만 늘 흔들려도 다시 돌아온 이유는 그대 사랑의 힘이였나봐 I believe in what you told me that you when are what you want to be even though the fact is now you are me with me but i still believe in us baby yeh 이젠 느낄수있어 그대 안에서 내가 자유로웠다는걸 이미 갇힌걸 모르고 또 바래왔지 괜히 내가 혼자 나를 외롭게 만든거야 언제나 날 지켜주었던 너 넌 모른척 하지만 난 알고 있어 그대 몇백년이 가도 흉내도 낼 수 없단 걸 이제는 난 말할 수 있어 이제야 비로소 나는 널 사랑한다고 you are the one 두 눈을 감아도 선명하게 보여 그대의 맘 속에 내가 있음이 oh no 우 한참을 늦어버렸지만 이제는 너를 위해 내안의 모든 것 네게 줄 수 있어 사랑은 줄수록 커져가니까
2006	오늘은 그대와 하늘위로 (Feat. Bobby Kim)	R&B/Soul	오늘은 그대와 하늘 위로  날아올라가 보고싶어  저기 저 별들을 딸 수 있게  힘껏 나를 밀어줘  Like a swing  손을 뻗어 더 높이 높이  Like a swing  발을 굴러 더 높이 높이  여전히 내 뒤에서  말 없이 서 있겠죠  또 다시 난 모른척  돌아가야하나요  그토록 그대가 원한다면  남자답게 용기를 내요  이 순간을 꿈꿔온  내가 이젠 눈을 뜰 수 있게  오늘은 그대와   하늘 위로  날아올라가 보고싶어  저기 저 별들을 딸 수 있게  힘껏 나를 밀어줘  Like a swing  손을 뻗어 더 높이 높이  Like a swing  발을 굴러 더 높이 높이  그대와 함께라면  난 두렵지 않아요  하지만 날 위해서  서두르진 말아요  밀고 또 당기고  두 사람이 앞 뒤로  흔들어야 사랑은 꼭  꼭대기를 향하더라고  어느 누가 봐줘  넘어가기보다  서로의 마음속까지 알아야지  시계추와 같이 둘이 같이  그넬 타 해가 뜰때까지  그대와 하늘 위로  날아올라가 보고싶어  저기 저 별들을 딸 수 있게  힘껏 나를 밀어줘    오늘은 그대와 하늘 위로  날아올라가 보고싶어  저기 저 별들을 딸 수 있게  힘껏 나를 밀어줘  오늘은 그대와 하늘 위로  날아올라가 보고싶어  저기 저 별들을 딸 수 있게  힘껏 나를 밀어줘  Like a swing  손을 뻗어 더 높이 높이  Like a swing  발을 굴러 더 높이 높이
2006	Far Away (Feat. MC 몽)	R&B/Soul	So many times I tried to let you go 어차피 너와 나 이뤄질 사랑이 아닌 걸 I know that you went far away 미안해 하지마 나 역시 널 잊어버릴 테니 I'm gonna so rude to you 아마 내가 할 말 들으면은 사라질 네 smile 보기 두려워 주저하는 날 보기 좋게 품에 넌 안아 Sorry I'm sayin' goodbye 그대 어깰 적시고만 내 눈물의 의미 슬픈 눈빛 모두 이해한단 그런 너를 떠나려 하네 그런 너를 잊으려 하네 우릴 괴롭히던 주위 시선에 끝내 난 무너지고 말았네 서로의 사랑으론 지켜내지 못 할 인연임에 나약한 날 탓해 나를 원망해 cause it's for you babe 그래 비웃어 나를 욕해 어차피 너와 나 힘든 건 똑같애 우린 같이 아픈데 근데 마음이 아픈데 마음이 아픈데 마음이 아퍼 니 눈이 너무 슬퍼서 가슴이 찢어져 내 마음이 아퍼 널 찾을 수 없으니까 그런 내 마음이 아퍼 널 불러봐 수백 번 아픈 상처에 쓰디 쓴 술잔을 퍼붓네 내 터질 듯한 아픔은 멍든 가슴을 위로 못해 내 사랑이 아직 널 불러도 대답하지는 마 더 약해질 나라는 걸 알아 미칠 듯 가슴 아파도 다 견딜 수 있게 날 떠나가줘 날 잊고 살아줘 그대 없인 하루도 나는 살아갈 의미가 없어 그럼에도 오늘도 나는 살아가야만 하고 있어 너의 미소 너의 몸짓 너의 향기 너는 내게 너무 소중해 나는 너를 사랑해 그대 없인 하루도 나는 살아갈 의미가 없어 그럼에도 오늘도 나는 살아가야만 하고 있어 네가 사는 이유 내 삶엔 crazy 너 you 네가 사는 이유 I'll live and die for you 그대 없이 하루도 나는 살아갈 의미가 없어 그럼에도 오늘도 나는 살아가야 하고 있어 아침 햇살에 눈을 떠 어디엘 가건 무엇을 하건 나는 마치 영혼이 없는 인형인 듯이 영원히 이러겠지 평생 가슴에 품고 있겠어 You were meant for me I was meant for you 함께 있진 못해도 I'm gonna miss you So many times I tried to let you go 어차피 너와 나 이뤄질 사랑이 아닌 걸 I know that you went far away 미안해 하지마 나 역시 널 다 잊어버릴 테니까 내 사랑이 아직 널 불러도 대답하지는 마 더 약해질 나라는 걸 알아 미칠 듯 가슴 아파도 다 견딜 수 있게 날 떠나가줘 날 잊고 살아
2006	Second	R&B/Soul	Yeah baby You just blew your chance get the idea This is the bomb track You know what I'm sayin' The hottest track I can't take another lover I could not forget you never 이젠 너 아니면 안되는 날 알잖아 내겐 너 하나뿐인데 uh 나는 이미 다른 사랑 할 수 없는 걸 내 곁을 떠나지 말아 처음엔 친구였어 풋풋한 동갑내기 좋은 친구였어 난 차분하고 무뚝뚝했지 그런 니가 마치 하늘의 밝은 태양처럼 웃던 때 주위가 환해 보였네 내 마음 속 그대 자리는 점점 커져 Feel the love 우리는 점점 가까워져 그대의 왼손 네 번째 손가락에서 반짝이던 그 반지도 아무 장애 못돼 우리에겐 첨부터 그녈 알고 시작했지만 시간이 지날수록 네게 집착하는 나 알고 있지만 나 참아 봤지만 yeah 다신 널 보내긴 싫어 온종일 네 전화만 기다리다가 어느새 그녀에게 전활 걸고 있는 난 너의 목소리 듣게 될까봐 yeah 숨조차 쉴 수가 없어 I can't take another lover I could not forget you never 이젠 너 아니면 안되는 날 알잖아 내겐 너 하나뿐인데 uh 나는 이미 다른 사랑 할 수 없는 걸 내 곁을 떠나지 말아 혹시나 그녀 얘길 니가 할까 봐 전보다 너뿐이란 말을 자주 하는 나 이렇게라도 어떻게라도 니 사랑 지키고 싶어 I can't take another lover I could not forget you never 이젠 너 아니면 안되는 날 알잖아 내겐 너 하나뿐인데 uh 나는 이미 다른 사랑 할 수 없는 걸 내 곁을 떠나지 말아 세상 모든 사람 날 욕해도 세상의 모든 걸 다 잃는대도 그래도 I will be okay 내 가슴에 깊게 패인 너 없이는 난 insane 오직 네 존재만이 이젠 내가 살아가는 이유 니가 부족해도 내 곁에만 있어 그대 날 떠나지 말아줘 나의 몸과 맘 깊숙이 널 원해 Oh never say goodbye 나는 할 수 없단 말야 너를 줄 수 없단 말야 더는 니가 없이 살 수 없는 나잖아 내겐 너 하나뿐인데 uh 이런 나를 욕한대도 할 수 없는 걸 다신 날 혼자 두진 마 I can't take another lover I could not forget you never 이젠 너 아니면 안되는 날 알잖아 나는 이미 다른 사랑 할 수 없는 걸 내 곁을 떠나지 말아 I can't take another lover
2006	눈물뿐인 바보	R&B/Soul	Yo I feel so empty seens you left me it's like i don't even know how to explain you see i'm sayin 많이 아퍼서 너무 화나서 나는 믿고 싶지 않았지 너의 두 눈에 너의 입술에 그 안에 내가 살고 있었는데 이젠 널 떠나라는 말을 어떻게 나에게 할 수 있니 너무나도 당황해 그만 너를 보냈지 사랑한 기억이 나를 붙잡고 좋았던 말들이 나를 울리고 가지 말라는 말조차 하기도 전에 벌써 넌 돌아서 버렸고 지나간 시간을 돌려서라도 너에게 준 상처 다 준대도 오로지 너 하나만 있어준다면 그걸로 난 됐어 난 됐어 forever 하루가 가고 한 달이 가도 시간은 무의미했었지 수화길 들어 너를 들어도 한마디 못한 채로 끊는 내가 나도 널 잊겠다는 말을 어떻게 내가 할 수 있겠니 너무나도 애타는 내 맘 Please don't leave me baby 사랑한 기억이 나를 붙잡고 좋았던 말들이 나를 울리고 가지 말라는 말조차 하기도 전에 벌써 넌 돌아서버렸고 지나간 시간을 돌려서라도 너에게 준 상처 다 준대도 오로지 너 하나만 있어준다면 그걸로 난 됐어 난 됐어 Forever 나 눈물뿐인 바보로 남는다 해도 도저히 너를 잊지 못해 나는 어쩔 수 없나 봐 and every night 또 눈물이 baby 내게로 돌아와줄래 yo listen 잊는다는 말은 no way 난 너 하나밖에 모르는데 너와 한 사진 한 장 끝내 버리지 못하고 바라보네 아마 나 너 아니면 다신 사랑이란 거 두 번 다시 하고 싶지도 할 수도 없어 내겐 이제 너 아니면 안돼 plz come back here 수많은 사람들 속에서 널 지켜낼 수 있어 널 위해 살 수 있어ma baby 이제까지 길 잃은 내 마음 속 주인은 바로 너뿐인걸 ma lady 너 없인 숨 쉴 수 없는걸 돌아와줘 girl 네가 너무도 보고 싶어 cuz you'r ma luv 고마워 날 행복하게 해줘서 미안해 날 사랑 못하게 해서 서로에게 마음마저 주는 일까지 이제는 다 못하게 돼서 죽어도 너 하나만 사랑할게 아파도 너만은 기다릴게 그때까지만 내게 돌아오면돼 너만을 사랑해 사랑해 Forever never ever you see you're ma girl and that's ma world ye baby only one
2006	Ma Girl	R&B/Soul	ma girl ma girl ma girl**2      ma girl ma girl ma girl 그대여 날 안아줘요  ma girl ma girl ma girl 내게로 다가와 줘요  ma girl ma girl ma girl 영원히 떠나지 마요  ma girl ma girl ma girl just u r always be ma girl
2006	Must Have Love	R&B/Soul	함께 있단 이유로 행복했었던  우리들의 겨울날의 소중한 기억들  좋은 날엔 언제나 네가 있기에  잊을 수 없는 Memories    Ring the bells sing the song  this season is the time for love  익숙한 음악소리 가득한 거리  하얀 거품처럼 내려와서  소복히 쌓이는 눈  멀리서 들려오는 맑은 종소리  날 위해 준비해 둔 것 같아  너무 아름다워  말을 하지 않아도 알 수 있잖아  나를 항상 웃게 하는  너만 있으면 돼  내 맘을 다 아나 봐 하늘에서도  세상 가득히 눈이 와    Ring the bells sing the song  this season is the time for love  친구란 이름으로 지내 왔기에  새삼 말하기도 어색했던  그고백 기억할게  너만의 사랑이란 이유만으로  모든 게 아름다운 이 세상  너만을 사랑해  말을 하지 않아도 알 수 있잖아  나를 항상 웃게 하는  너만있으면 돼  내 맘을 다 아나 봐 하늘에서도  Singing all around  Singing all around  함께 있단 이유로 행복했었던  우리들의 겨울날의 소중한 기억들  좋은 날엔 언제나 네가 있기에  잊을 수 없는 Memories  잊을 수 없는 Memories  Ring the bells sing the song  cuz it's Christmastime  This season is the time For you
2006	Must Have Friends	R&B/Soul	영원할 순 없죠  이 세상의 모든 건  언젠가 그 빛을 잃겠죠  하지만 내 곁에서  늘 같은 미소를 주는  네가 있기에 난 행복해  너에게 많은 걸 줄 수는 없지만  내 작은 기도에  용기를 내어 일어서기를  I know I found 내 가장 소중한 것  항상 같은 그곳에 서 있는 너  때론 힘든 시련이 와도  끝내 이겨낼 수 있도록  빛이 돼주는 내 친구여  살아가는 동안 내 삶의 정답들을  아무도 말 해줄 순 없죠  하지만 내 곁에서 늘 같은 고민  해주던 네가 있기에 난 감사해  때로는 철없는 방황도 했고  지나간 시간에 후회의  눈물도 흘렸지만  I know I found 나 행복했던 순간  항상 곁에 또 네가 있었단 걸  모든 걸 다 잃는다 해도  마지막 순간까지 남아  용기를 주는 내 친구여  I know I found 내 가장 소중한 것  항상 같은 그곳에 서있는 너  때론 힘든 시련이 와도  끝내 이겨낼 수 있도록  빛이 돼주는 내친구여  I know I found 난 기억하고 있죠  항상 내겐 네가 곁에 있음을  모든 걸 다 잃는다 해도  마지막 순간까지 남아  용기를 주는 내 친구여  빛이 돼주는 내 친구여
2006	Must Have Friends (Rhythm Cut Ver.)	R&B/Soul	영원할 순 없죠 이 세상의 모든 건 언젠가 그 빛을 잃겠죠 하지만 내 곁에서 늘 같은 미소를 주는 네가 있기에 난 행복해 너에게 많은 걸 줄 수는 없지만 내 작은 기도에 용기를 내어 일어서기를 I know I found 내 가장 소중한 것 항상 같은 그곳에 서 있는 너 때론 힘든 시련이 와도 끝내 이겨낼 수 있도록 빛이 돼주는 내 친구여 살아가는 동안 내 삶의 정답들을 아무도 말 해줄 순 없죠 하지만 내 곁에서 늘 같은 고민 해주던 네가 있기에 난 감사해 때로는 철없는 방황도 했고 지나간 시간에 후회의 눈물도 흘렸지만 I know I found 나 행복했던 순간 항상 곁에 또 네가 있었단 걸 모든 걸 다 잃는다 해도 마지막 순간까지 남아 용기를 주는 내 친구여 I know I found 내 가장 소중한 것 항상 같은 그곳에 서있는 너 때론 힘든 시련이 와도 끝내 이겨낼 수 있도록 빛이 돼주는 내친구여 I know I found 난 기억하고 있죠 항상 내겐 네가 곁에 있음을 모든 걸 다 잃는다 해도 마지막 순간까지 남아 용기를 주는 내 친구여 빛이 돼주는 내 친구여
2006	눈물뿐인 바보	R&B/Soul	Yo I feel so empty  seems you left me  It's like I don't even know  to explain  you see I'm sayin  많이 아파서 너무 화나서  나는 믿고 싶지 않았지  너의 두 눈에 너의 입술에  그 안에 내가 살고 있었는데  이젠 널 떠나라는 말을  어떻게 나에게 할 수 있니  너무나도 당황해 그만 너를 보냈지  사랑한 기억이 나를 붙잡고  좋았던 말들이 나를 울리고  가지 말란 말조차 하기도 전에  벌써 넌 돌아서 버렸고  지나간 시간을 돌려서라도  너에게 준 상처 다 준대도  오로지 너 하나만 있어준다면  그걸로 난 됐어 난 됐어 forever  하루가 가고 한 달이 가도  시간은 무의미했었지  수화길 들어 너를 들어도  한 마디 못한 채로 끊는 내가  나도 널 잊겠다는 말을  어떻게 내가 할 수 있겠니  너무나도 애타는 내 맘  please don't leave me baby  사랑한 기억이 나를 붙잡고  좋았던 말들이 나를 울리고  가지 말란 말조차 하기도 전에    벌써 넌 돌아서 버렸고  지나간 시간을 돌려서라도  너에게 준 상처 다 준대도  오로지 너 하나만 있어준다면  그걸로 난 됐어 난 됐어 forever  나 눈물뿐인 바보로 남는다 해도  도저히 너를 잊지 못해  나는 어쩔 수 없나 봐  And every night 또 눈물이 baby  내게로 돌아와줄래  Yo listen 잊는다는 말은 no way  난 너 하나밖에 모르는데  너와 한 사진 한 장  끝내 버리지 못하고 바라보네  아마 나 너 아니면 다신 사랑이란 거  두 번 다시 하고 싶지도  할 수도 없어  내겐 이제 너 아니면 안돼  plz come back here  수많은 사람들 속에서  널 지켜낼 수 있어  널 위해 살 수 있어 ma baby  이제까지 길 잃은 내 마음 속  주인은 바로 너뿐인 걸 ma lady  너 없인 숨 쉴 수 없는 걸   돌아와줘 girl   네가 너무도 보고 싶어  cuz you're ma luv  고마워 날 행복하게 해줘서  미안해 날 사랑 못하게 해서  서로에게 마음마저 주는 일까지  이제는 다 못하게 돼서  죽어도 너 하나만 사랑할게  아파도 너만은 기다릴게  그때까지만 내게 돌아오면 돼  너만을 사랑해  사랑해 forever  Foever never you see You're ma girl  and that's ma world ye baby only one
2006	My Girl (태양 Solo)	R&B/Soul	ma girl ma girl ma girl wut'chu want I ma broken heart ma girl ma girl ma girl baby girl 널 첨 만났을 때부터 u know 운명 이란걸 느꼈어 내 맘속에 oh 매일 너 밖엔 생각이 안나 오늘도 눈감아 널 그리며 난 잠 못 이루고 대체 어디에 있는 거니 매일 밤 내게 조금 더 천천히 다가와 baby 네 그 눈빛으로 달콤한 그 눈빛으로 don't wanna let you go just let me hold you ma girl ma girl ma girl 그대여 날 안아줘요 ma girl ma girl ma girl 내게로 다가와 줘요 ma girl ma girl ma girl 영원히 떠나지 마요 ma girl ma girl ma girl 왜 오늘도 울고 또 울어 잠든 그대 얼굴에 입맞춘 채로 이대로 stopped ha 시간이 멈춰 버렸으면 해 i love you and i trust you 언제나 그댈 위해 사는 나란 것을 ye 대체 어디에 있는 거니 도대체 어디에 조금 더 천천히 떠나가 줄래 네 그 눈빛으로 oh no no no don't wanna let you go that's you're always be ma girl ma girl ma girl ma girl 그대여 날 안아줘요 ma girl ma girl ma girl 내게로 다가와 줘요 ma girl ma girl ma girl 영원히 떠나지 마요 ma girl ma girl ma girl 왜 오늘도 울고 또 울어 ma girl how ya feel 슬픔이 밀려와 멀어지지 않길 oh ma dear 마음이 닿길 진심을 알아줘 그대여 나의 빛 ooh 오늘도 해가 또 저무네요 당신의 이름을 난 부르네요 매일 헤메요 내 목이 메여 더 깊이 폐여진 상처는 날 도려내요 이제는 몸이 지칠대로 지쳐 머리까지 미칠지경이야 어서 와서 이길고도  긴긴 밤을 비춰줘 부탁이야 이렇게 멀고 먼데서 널 불러 수백 번 되새기며 불러 ma life 4luv you that's all abou'chu 니가 보고 싶어 또 다시 울어  내게로 돌아올 수 없겠니 니가 없인 숨도 못 쉬겠지 돌아와 달라고 목 놓아 불러 봐도 너무 늦은 거니 baby ma girl ma girl ma girl 그대여 날 안아줘요 ma girl ma girl ma girl 내게로 다가와 줘요 ma girl ma girl ma girl 영원히 떠나지 마요 ma girl ma girl ma girl 왜 오늘도 울고 또 울어
2008	Together Forever (눈물뿐인 바보)	R&B/Soul	baby girl you're all  that i'm thinkin of  you put this  feelin inside of me  says you are the one  yeah the only one  i couldn't help myself but  put it in words  you are the sunshine  in my life girl  and you know  i'd say it over again  nothin could ever  tear us apart  lemme tell you babe  all of my life i've been  searchin for that one  and now that you've  come to me  i don't have to run  chasin' all the girls  while i'm  hangin' with my crew  now it's all about  just me and my boo  everyday 'n everynight it  just goes on  that's how much love  i have for you  girl i'm so sprung  baby this was meant to be  it's such a blessin'  cuz we will be together  forever  as i look above  thankful for your love  two thirty you  will be callin' me  when i pick you up  we'll go to the park  ain nothin better than  being with you girl  you are the sunshine  in my life girl  and you know  i'd say it over again  nothin could ever tear us apart  let me tell you babe  all of my life i've been  searchin for that one  and now that you've  come to me  i don't have to run  chasin' all the girls  while i'm  hangin' with my crew  now it's all about  just me and my boo  everyday 'n everynight it  just goes on  that's how much love  i have for you  girl i'm so sprung  baby this was meant to be  it's such a blessin'  cuz we will be together  forever  bein' inside of you  is so heaven in my heart  the way you say my name  i know you feel the same girl  you are my one  and the only one  that's why you're my baby  and this is what i have to say  yo listen  love you down in everyway  it doesn't matter  baby everyday  from the bottom to the top  have it'cho way  it's all about the way  you feel baby  i wanna make it like extacy  to where you're sayin'  my name softly  and we can take it down south  baby any freakin'  route as long as you  and i can be as one hey  you know i do it all for you  you're my boo  that's true wanna  let the world know you're  my baby  got a lotta love comin'  from above  and i thank him everyday  it's the t o p  i don't wanna be  without your love  through the push 'n shove you  all i ever wanna be thinkin of  all of my life i've been  searchin for that one  and now that you've  come to me  i don't have to run  chasin' all the girls  while i'm  hangin' with my crew  now it's all about  just me and my boo  everyday 'n everynight it  just goes on  that's how much love  i have for you  girl i'm so sprung  baby this was meant to be  it's such a blessin'  cuz we will be together  forever
2008	Ma Girl (태양 Solo)	R&B/Soul	ma girl ma girl ma girl wut'chu want I ma broken heart ma girl ma girl ma girl baby girl 널 첨 만났을 때부터 u know 운명 이란걸 느꼈어 내 맘속에 oh 매일 너 밖엔 생각이 안나 오늘도 눈감아 널 그리며 난 잠 못 이루고 대체 어디에 있는 거니 매일 밤 내게 조금 더 천천히 다가와 baby 네 그 눈빛으로 달콤한 그 눈빛으로 don't wanna let you go just let me hold you ma girl ma girl ma girl 그대여 날 안아줘요 ma girl ma girl ma girl 내게로 다가와 줘요 ma girl ma girl ma girl 영원히 떠나지 마요 ma girl ma girl ma girl 나 오늘도 울고 또 울어 잠든 그대 얼굴에 입맞춘 채로 이대로 stopped ha 시간이 멈춰 버렸으면 해 i love you and i trust you 언제나 그댈 위해 사는 나란 것을 ye 대체 어디에 있는 거니 도대체 어디에 조금 더 천천히 떠나가 줄래 네 그 눈빛으로 oh no don't wanna let you go that's you're always be ma girl ma girl ma girl 그대여 날 안아줘요 ma girl ma girl ma girl 내게로 다가와 줘요 ma girl ma girl ma girl 영원히 떠나지 마요 ma girl ma girl ma girl 나 오늘도 울고 또 울어 ma girl how ya feel 슬픔이 밀려와 멀어지지 않길 oh ma dear 마음이 닿길 진심을 알아줘 그대여 나의 빛 ooh 오늘도 해가 또 저무네요 당신의 이름을 난 부르네요 매일 헤메요 내 목이 메여 더 깊이 폐인 상처 날 도려내요 이제는 몸이 지칠대로 지쳐 머리까지 미칠지경이야 어서 와서 이길고도 긴긴 밤을 비춰줘 부탁이야 이렇게 멀고 먼데서 널 불러 수백 번 되새기며 불러 ma life 4luv you that's all abou'chu 니가 보고 싶어 또 다시 울어 내게로 돌아올 수 없겠니 니가 없인 숨도 못 쉬겠지 돌아와 달라고 목 놓아 불러 봐도 너무 늦은 거니 baby ma girl ma girl ma girl 그대여 날 안아줘요 ma girl ma girl ma girl 내게로 다가와 줘요 ma girl ma girl ma girl 영원히 떠나지 마요 ma girl ma girl ma girl 나 오늘도 울고 또 울어
2008	좋은날	R&B/Soul	오늘 유난히 헝클어진 머리  너무나 맘에 안들어  소개로 만날 새침한 그 아이  그애와 약속했는데  그대가 직접 써준 전화번호  야릇한 그 느낌처럼  들뜨는 마음 진정시킬수록  이상한 웃음만 나네  밉기만 하던 동네 아이들이  왜 이리 귀엽게 보이고 아하  거리는 온통 그대 향기는 정말  그대를 사랑하게 된건가  조금 조금 떨렸던 마음으로  반기는 그대 웃음에  날아가 버리고  나를 나를 부르는  그대 입술에  입맞추려고 했지만  용기가 없어    이순간을  얼마나 기다려왔는지  니가나를  좋아하는게 진짜 맞는지  떨리는 내맘  그대 이런 내맘  혹시나 알고 있을까  아니 모르는게 더 나을까  너와 함께라면  모든게 다 아름다워  평소에 지저분하다  생각했었던 골목길마저  젠틀한 미소  향긋한 향기도 모두 다  꿈만 같아  우린 영원하리라 믿어  밉기만 하던 동네 아이들이  왜 이리 귀엽게 보이고 아하  거리는 온통 그대 향기는 정말  그대를 사랑하게  조금 조금 떨렸던 마음으로  반기는 그대 웃음에 날아가 버리고  나를 나를 부르는 그대 입술에  입맞추려고 했지만 용기가 없어  조금 조금 떨렸던 마음으로  반기는 그대 웃음에 날아가 버리고  나를 나를 부르는 그대 입술에  입맞추려고 했지만 다음 기회에
2008	좋은날	R&B/Soul	오늘 유난히 헝클어진 머리 너무나 맘에 안들어 소개로 만난 새침한 그 아이 그 애와 약속했는데 그대가 직접 써준 전화번호 야릇한 그 느낌처럼 들뜨는 마음 진정시킬수록 이상한 웃음만 나네 밉기만 하던 동네 아이들이 왜 이리 귀엽게 보이고 아하 거리는 온통 그대 향기니 정말 그대를 사랑하게 된걸까 조금 조금 떨렸던 마음은 반기는 그대 웃음에 날아가 버리고 나를 나를 부르는 그대 입술에 입맞추려고 했지만 용기가 없어 이순간을 얼마나 기다려 왔는지 니가 나를 좋아하는게 진짜 맞는지 떨리는 내 맘 그댄 이런 내 맘 혹시나 알고 있을까 아니 모르는게 더 나을까 너와 함께라면 모든게 다 아름다워 평소엔 지저분하다 생각했던 골목길마저 젠틀한 미소 향긋한 향기도 모두다 꿈만 같어 우리 영원하리라 믿어 밉기만 하던 동네 아이들이 왜 이리 귀엽게 보이고 아하 거리는 온통 그대 향기니 정말 그대를 사랑하게 조금 조금 떨렸던 마음은 반기는 그대 웃음에 날아가 버리고 나를 나를 부르는 그대 입술에 입맞추려고 했지만 용기가 없어 조금 조금 떨렸던 마음은 반기는 그대 웃음에 날아가 버리고 나를 나를 부르는 그대 입술에 입맞추려고 했지만 다음 기회에
2010	I Need A Girl (Feat. G-dragon)	R&B/Soul	Tired of being alone Sick of being single I think I need a girl I need a girl like 생각 없는 말투 어린 애들 말구 날 감싸 안아줄 심심할 때 가끔 노는 여자 말구 나만 사랑해 줄 가만 있어도 남자 놈들 전화기를 내밀지만 자랑스럽게 내 사진을 꺼내 보이는 그런 Girl Girl I need a girl 뭘 해도 이쁜 몸매도 이쁜 Girl I need a girl Baby I need you Girl you need me too 치마보다 청바지가 더 잘 어울리는 그런 여자 김치볶음밥은 내가 잘 만들어 대신 잘 먹을 수 있는 여자 나이가 많아도 어려 보이는 여자 난 그런 여자가 좋더라 know what I mean 부끄러운 척 하면서도 당돌할 줄 아는 Girl 평소엔 조신한 척 해도 같이 있으면 he y'all know what I'm talking about ay Girl I need a girl 뭘 해도 이쁜 몸매도 이쁜 Girl I need a girl 난 이런 여자가 좋더라 La La La ay 외모는 Not a issue but 멋을 아는 귀여운 Girl 취미는 달라도 취향은 같아 영화나 음악을 볼 때면 말이 통하는 Girl Yes I love Girls Girls I do adore 사람들 앞에선 지조있게 놀아요 내 앞에선 아잉 난 몰라 아침에 날 깨우는 목소리 Morning Kiss 하루를 시작하고 싶어 밤에는 네 무릎에 기대 자장가를 들으며 네 꿈 꾸고 싶어 다시 내 가슴을 뛰게 해줘 다시 달콤한 노랠 만들게 해줘 You know 돈이나 뭐 단지 그런 게 아냐 내 맘을 주고 싶은 사람 Girl I need a girl Umm yeah yeah Girl like you gotta make you mine I'ma treat you right baby Girl I need a girl 뭘 해도 이쁜 몸매도 이쁜 Girl I need a girl Baby I need you Girl you need me too Girl I need a girl Yeah Girl I need a girl Yeah Girl 내 말을 듣고 있니 Baby I need you Girl you need me too Girl I need a girl
2010	I Need A Girl (Feat. G-dragon)	R&B/Soul	Tired of being alone Sick of being single I think I need a girl I need a girl like 생각 없는 말투 어린 애들 말구 날 감싸 안아줄 심심할 때 가끔 노는 여자 말구 나만 사랑해 줄 가만 있어도 남자 놈들 전화기를 내밀지만 자랑스럽게 내 사진을 꺼내 보이는 그런 Girl Girl I need a girl 뭘 해도 이쁜 몸매도 이쁜 Girl I need a girl Baby I need you Girl you need me too 치마보다 청바지가 더 잘 어울리는 그런 여자 김치볶음밥은 내가 잘 만들어 대신 잘 먹을 수 있는 여자 나이가 많아도 어려 보이는 여자 난 그런 여자가 좋더라 know what I mean 부끄러운 척 하면서도 당돌할 줄 아는 Girl 평소엔 조신한 척 해도 같이 있으면 he y'all know what I'm talking about ay Girl I need a girl 뭘 해도 이쁜 몸매도 이쁜 Girl I need a girl 난 이런 여자가 좋더라 La La La ay 외모는 Not a issue but 멋을 아는 귀여운 Girl 취미는 달라도 취향은 같아 영화나 음악을 볼 때면 말이 통하는 Girl Yes I love Girls Girls I do adore 사람들 앞에선 지조있게 놀아요 내 앞에선 아잉 난 몰라 아침에 날 깨우는 목소리 Morning Kiss 하루를 시작하고 싶어 밤에는 네 무릎에 기대 자장가를 들으며 네 꿈 꾸고 싶어 다시 내 가슴을 뛰게 해줘 다시 달콤한 노랠 만들게 해줘 You know 돈이나 뭐 단지 그런 게 아냐 내 맘을 주고 싶은 사람 Girl I need a girl Umm yeah yeah Girl like you gotta make you mine I'ma treat you right baby Girl I need a girl 뭘 해도 이쁜 몸매도 이쁜 Girl I need a girl Baby I need you Girl you need me too Girl I need a girl Yeah Girl I need a girl Yeah Girl 내 말을 듣고 있니 Baby I need you Girl you need me too Girl I need a girl
2010	결혼까지 생각했어	R&B/Soul	To all My people hellow hellow hellow hellow My name is RealSlow come on and hellow hellow hellow hellow hellow hellow 걱정 말고 날 떠나가 Bye Bye 너 없다고 죽진 않아 Good bye 어서 좀 빨리 가 내가 달려가 널 가로막고 붙잡기 전에 우리 인연 여기까진 거야 분명 우린 운명 아닌 거야 어차피 우리 헤어질 테니 마지막 얘길 들어주겠니 너와 결혼까지 생각했어 같은 집 같은 방에서 같이 자고 깨며 실컷 사랑하려 했어 한 순간 물거품이 된 꿈 슬퍼서 Cry Cry Cry To all My people hellow hellow hellow hellow My name is RealSlow come on and hellow hellow hellow hellow hellow hellow 울컥울컥 차오르는 기억 눈물 없인 잊지 못할 추억 잠도 못 자고 퀭 한 눈으로 많이 울 거야 그리울 거야 너와 결혼까지 생각했어 같은 집 같은 방에서 같이 자고 깨며 실컷 사랑하려 했어 한 순간 물거품이 된 꿈 슬퍼서 Cry Cry Cry 나는 날 잘 알아 아마 난 못 참아 널 다시 찾아갈 거야 그땐 날 만나주지마 너와 결혼까지 생각했어 같은 집 같은 방에서 같이 자고 깨며 실컷 사랑하려 했어 한 순간 물거품이 된 꿈 슬퍼서 Cry Cry Cry To all My people hellow hellow hellow hellow My name is RealSlow come on and hellow hellow 이젠 정말 안녕 끝으로 꼭 듣고 싶던 사랑해 나 매일 듣던 말 못 듣고 Bye Bye Bye
